id,이름,종류,주소,연락처,평일,주말,휴무
P001,다운타우너한남점,D002,서울특별시 용산구 한남동 683-63,070-8806-3696,11:00-21:00(lastorder20:00),11:00-21:00(lastorder20:00),-
P002,호랑이,D001,서울특별시 중구 산림동 207-2,02-2269-5880,11:00-19:30(마지막주문19:00),11:00-19:30(마지막주문19:00),일 월
P003,버드나무브루어리,D002,강원도 강릉시 홍제동 93-8,033-920-9380,00:00-23:59,00:00-23:59,-
P004,울프소셜클럽,D001,서울특별시 용산구 한남동 795-2,02-158-1588,12:00-22:00,12:00-22:00,일
P005,다운타우너안국점,D002,서울특별시 종로구 재동 85-3 1층,070-8870-3696,11:00-21:00(lastorder20:00),11:00-21:00(lastorder20:00),-
P006,파머스키친,D002,강원도 양양군 현남면 동산리 7,010-3022-0984,월 목11:00-15:00 금11:00-18:00,11:00-18:00(브레이크타임전라스트오더14:30),금 토 일 15:00-16:00
P007,프릳츠양재점,D001,서울특별시 서초구 서초동 1363-10,02-521-4148,08:00-21:00,10:00-21:00,-
P008,브라이리퍼블릭,D002,서울특별시 용산구 이태원동 63-4,070-8879-1967,월17:00-21:00 화 수 목 금12:00-21:00,12:00-21:00,일
P009,녹기전에,D001,서울 마포구 염리동 148-22,070-8829-8020,12:00-22:00,12:00-20:00,화
P010,카페차,D001,서울특별시 성동구 성수동1가 685-408,070-8887-1014,11:00-22:00,11:00-22:00,-
P011,돈이랑,D002,제주특별자치도 서귀포시 색달동 2182,064-738-9277,11:30-22:00,11:30-22:00,브레이크타임 15:30-16:00
P012,농도,D001,울산 울주군 상북면 등억알프스리 454-39 농도,052-264-1700,11:00-21:00,11:00-21:00,-
P013,브레라,D002,서울시 중구 신당동 366-440,02-2236-0770,11:00-23:00,11:00-23:00,-
P014,자유빵집,D001,강원도 춘천시 후평동 735-23,033-911-9871,월10:30-18:00 수-금10:30-18:00,토 10:30-18:00  일 10:30-18:00,화
P015,로스티아,D002,전라남도 여수시 돌산읍 평사리 1387-1,061-641-6406,10:00-20:00,10:00-20:00,-
P016,히든트랙헤이즐,D001,서울 마포구 연남동 240-38,-,13:00-22:00,13:00-21:00,수 일
P017,힐링그라운드,D001,경기도 파주시 상지석동 111-3,010-7371-3753,월11:00-20:00 수11:00-20:00,-,화 목 금 토 일
P018,원조녹두,D002,서울시 중구 입정동 272-8,02-2277-0241,16:00-23:00,16:00-23:00,-
P019,천상가옥,D001,서울시 성동구 성수동2가 322-4 성수연방 3층,010-7371-3753,11:00-22:00,11:00-22:00,-
P020,SixDegreesCoffee,D001,서울특별시 광진구 자양동 194-3 1층,02-6954-0161,12:00-19:00,12:00-19:00,월 화
P021,슬로우5션,D002,인천광역시 강화군 길상면 선두리 1044,032-937-6281,10:00-19:00(라스트오더6),10:00-20:00(라스트오더6),화 일
P022,얼띵앤키친,D002,서울특별시 마포구 합정동 357-25,070-7766-6028,11:30-21:30,12:00-22:00,일
P023,MANRI199,D002,서울특별시 중구 만리동1가 62-19,02-363-0199,17:00-01:00,17:00-00:00,토
P024,친봉산장,D001,제주 제주시 구좌읍 송당리 1389-4,0507-1442-5456,-,-,매주(송당리점영업종료.서귀포이전중)
P025,쉬어가기좋은날식당,D002,경상남도 하동군 화개면 운수리 330-14,0507-1403-4375,09:00-21:00,09:00-20:00,-
P026,얼라이브홈,D002,강원도 강릉시 교동 162-129,033-648-4649,11:30-19:00,11:30-19:00,월
P027,도깨비코티지,D002,서울특별시 용산구 후암동 435,02-717-0435,10:00-20:00,10:00-20:00,-
P028,오페라디바스,D001,경기도 고양시 덕양구 행주외동 173,031-938-2500,11:30-22:00,11:30-22:00,-
P029,모터시티,D002,서울특별시 강남구 역삼동 736-1,02-2051-8877,11:00-22:00,11:00-21:30,-
P030,라빈리커스토어,D002,경기도 고양시 덕양구 행주내동 208-2,031-979-1855,10:00-21:00,10:00-20:00,-
P031,칠돈가표선직영점,D002,제주특별자치도 서귀포시 표선면 표선리 44-3,064-787-9275,12:00-22:00,12:00-22:00,-
P032,해이담커피,D001,경상남도 김해시 서상동 309-13,055-333-5517,12:00-21:00,11:30-21:00,-
P033,할타보카,D001,대구광역시 수성구 만촌동 860,053-752-4742,12:00-22:00,토 12:00-22:00  일 12:00-21:00,월
P034,해례커피,D001,서울시 은평구 갈현동 430-1,02-384-1732,12:00-23:00,12:00-23:00,-
P035,와인테라스,D002,경기도 수원시 팔달구 인계동 1042-3,031-221-1992,18:00-02:00,18:00-02:00,-
P036,프랭클린커피로스터스,D001,부산광역시 부산진구 전포동 354-1,051-756-0002,10:00-18:00,11:00-18:00,-
P037,흙과나무,D002,경기도 남양주시 별내면 용암리 122,031-841-1003,11:00-21:00,11:00-21:00,매주화
P038,삼도낙지,D002,경기도 양주시 만송동 484-4,031-856-0033,09:00-22:00,09:00-22:00,-
P039,모스가든,D001,서울특별시 강남구 논현동 30-6,02-546-8532,10:30-21:30,14:30-17:30,일
P040,우디가,D001,경기 남양주시 다산동 6181-2 1층,070-8834-9428,10:00-22:00,10:00-22:00,-
P041,손커피연구소,D001,경기 안산시 단원구 대부동동 575-6,032-880-1673,월-수10:00-21:00 목 금10:00-21:00,-,토 일
P042,누가당,D001,서울특별시 은평구 진관동 27,0507-1330-8097,11:00-20:00,11:00-20:00,-
P043,미산막국수,D002,강원도 인제군 상남면 미산리 391,033-463-0539,-,-,-
P044,제이아일랜드,D001,제주특별자치도 서귀포시 성산읍 신산리 421-1,064-782-7077,09:30-19:30,09:30-19:30,-
P045,에비뉴1465,D001,부산광역시 동래구 온천동 174-12,0507-1359-1465,12:00-22:00,12:00-22:00,-
P046,사치,D001,서울특별시 마포구 망원동 57-371,02-334-9902,11:00-22:00,11:00-22:00,-
P047,카페반다이크,D001,경기도 안양시 동안구 호계동 1042-3,010-6310-6750,12:00-23:00,12:00-23:00,-
P048,커피반점,D001,경기도 수원시 영통구 원천동 593 엘리웨이광교 K동 1층 168호 171호,031-8067-5666,11:00-22:00,11:00-22:00,월
P049,원리73,D001,경상북도 청도군 청도읍 원리 73,054-371-6394,월 수 목 금11:00-19:00화11:00-18:00,11:00-20:00,-
P050,Cuisson82,D002,서울시 강남구 도곡2동 453-16,02-529-3582,12:00-22:00,12:00-22:00,월 화
P051,알로하포케학동점,D002,서울특별시 강남구 논현동 38-6,02-511-9183,11:00-22:00,11:00-21:00,-
P052,연휘미니마트,D001,전남 여수시 중앙동 168-2,061-661-0168,11:00-22:00,11:00-22:00,-
P053,시실리아,D001,강원도 춘천시 효자동 629-14,070-7768-9255,10:00-20:00,11:00-20:00,일
P054,꿀백,D002,서울특별시 마포구 망원동 484-7,02-332-9101,11:30-23:00,11:30-23:00,-
P055,커피짱,D001,서울특별시 마포구 동교동 154-25,0507-1314-4710,월-목09:00-18:00 금09:00-22:00,09:00-22:00,-
P056,리듬,D001,제주도 제주시 삼도이동 1073,070-7785-9160,11:00-20:00,11:00-20:00,목
P057,카페라이킷,D001,서울특별시 마포구 망원동 472-18,0507-1363-7868,07:00-17:00,07:00-14:00,일
P058,나무아래오후,D001,경기도 가평군 상면 행현리 592-14,031-585-3203,10:30-20:00,10:30-20:00,-
P059,슈가박스,D001,서울 마포구 망원동 430-24,070-8836-8660,11:00-18:00,11:00-18:00,-
P060,JH키친,D002,서울특별시 마포구 망원동 418-38,070-4138-5413,11:00-21:00,11:00-21:00,일
P061,벙커하우스,D001,제주 서귀포시 법환동 140,0507-1358-0803,09:30-22:00,09:30-22:00,-
P062,코레아노스키친녹사평점,D002,서울특별시 용산구 이태원동 457-3,02-795-4427,12:00-23:00,12:00-23:00,-
P063,더로열푸드앤드링크,D001,서울특별시 용산구 후암동 406-58,070-7774-4168,10:00-21:00,10:00-21:00,-
P064,스태픽스,D001,서울특별시 종로구 필운동 32-1,0507-1341-2055,10:00-21:00,10:00-21:00,-
P065,웨이브온커피,D001,부산광역시 기장군 장안읍 월내리 553,051-727-1660,10:00-00:00,10:00-00:00,-
P066,AUZ,D002,서울특별시 용산구 원효로1가 133-3,02-704-8685,09:00-18:00,09:00-18:00,-
P067,겐로쿠우동,D002,경기도 고양시 일산동구 장항동 867 웨스턴돔,031-901-9919,11:30-21:30,11:30-21:30,월
P068,cafebooter,D001,경기도 수원시 팔달구 장안동 315-1,031-268-4161,12:00-23:00,12:00-23:00,-
P069,숨도,D001,제주특별자치도 서귀포시 호근동 569-2,064-739-5588,08:00-18:00,08:00-18:00,-
P070,팔당초계국수,D002,경기도 남양주시 와부읍 팔당리 80-11,031-576-0330,09:30-21:00,09:30-21:00,-
P071,몽크스부처,D002,서울특별시 용산구 한남동 683-126 대로변 3층 4층,02-790-1108,월-목17:00-22:30 금11:00-15:00,토 11:00-23:30  일 17:00-22:30,-
P072,바다를본돼지,D002,제주특별자치도 제주시 노형동 1055-4,064-747-9242,12:00-23:00,12:00-23:00,-
P073,대루커피,D001,서울특별시 마포구 합정동 428-4,070-7797-2162,10:00-18:00,10:00-18:00,-
P074,이퀄센세이션,D001,경기도 하남시 풍산동 552,031-796-2976,10:30-21:00,10:30-21:00,화
P075,SummerLane,D002,서울특별시 용산구 이태원동 224-56,02-792-8114,07:30-18:00,07:30-18:00,-
P076,타오마라탕,D002,서울특별시 마포구 서교동 394-93 2층,0507-1318-5344,11:30-21:00,11:30-21:00,-
P077,카멜,D001,서울특별시 성동구 성수동2가 570-1,070-8711-3337,11:00-20:00,11:00-20:00,-
P078,하이놀리,D001,서울특별시 마포구 망원동 429-19 지하1층,02-7171-7171,14:00-18:00,14:00-18:00,화 수 목
P079,방포수산,D002,충청남도 태안군 안면읍 승언리 1317-2,041-673-4575,08:00-20:00,08:00-20:00,-
P080,암튼,D001,서울특별시 마포구 망원동 380-19,02-334-1537,12:00-22:00,12:00-22:00,-
P081,프롤라,D001,서울특별시 성동구 성수동2가 272-35,0507-1354-9616,11:00-21:00,11:00-21:00,월
P082,한남베르그,D001,서울시 용산구 한남동 683-76,02-790-1750,12:00-22:00,12:00-22:00,-
P083,더츠커피팩토리,D001,경기도 고양시 덕양구 행주외동 178-18,031-972-5566,10:00-22:00,10:00-22:00,-
P084,유어홈커피로스터스,D001,서울특별시 영등포구 문래동2가 39-1,0507-1373-0302,11:00-20:00,11:00-20:00,월
P085,코타티,D001,서울시 용산구 용산동2가 26-6,070-4042-0228,13:00-22:00,13:00-22:00,월
P086,거북이,D001,서울 서초구 방배동 454-2,070-4015-5314,12:00-22:01,12:00-22:02,-
P087,어밤부,D002,부산광역시 해운대구 송정동 446-5,051-702-8183,11:00-21:00,11:00-21:00,-
P088,헤이미쉬,D002,서울특별시 마포구 연남동 390-25,0507-1301-1029,15:00-00:00,13:00-01:00,-
P089,안녕낯선사람,D001,서울특별시 마포구 서교동 398-9,070-4115-5610,08:30-22:30,12:00-22:30,-
P090,무대륙,D001,서울특별시 마포구 합정동 357-7,02-332-8333,11:00-01:00(BAR(KITCHEN11am-11:30pm)),11:00-01:00(BAR(KITCHEN11am-11:30pm)),-
P091,농도,D001,울산 울주군 상북면 등억알프스리 454-39 농도,052-264-1700,11:00-21:00,11:00-21:00,-
P092,오롯,D001,서울특별시 성동구 성수동1가 13-428,02-2292-2223,10:00-23:00,11:00-23:00,-
P093,브레라,D002,서울시 중구 신당동 366-440,02-2236-0770,11:00-23:00,11:00-23:00,-
P094,어반그린,D001,강원도 춘천시 서면 현암리 578-5 지하1층,0507-1408-3144,11:00-21:00,11:00-21:00,-
P095,더베이커스테이블,D001,서울특별시 용산구 이태원동 691,070-7717-3501,08:00-21:00,토 08:00-21:00  일 08:00-20:00,-
P096,촙촙롯데월드몰점,D002,서울시 송파구 신천동 29 롯데월드타워앤롯데월드몰 지하1층 3355존 촙촙,02-3213-2847,10:30-22:00,10:30-22:00,-
P097,아이노테이블,D002,서울특별시 마포구 합정동 364-38,02-336-0118,-,-,-
P098,그레인,D001,서울특별시 마포구 연남동 385-6,02-336-7559,09:00-19:00,09:00-19:00,화 수
P099,칠프로칠백식당기흥직영점,D002,경기도 용인시 기흥구 보라동 578-5,031-274-7006,14:00-22:00,12:00-21:00,일
P100,창신동매운족발,D002,서울특별시 종로구 창신동 581-5,02-3675-9689,10:30-00:00,10:30-00:00,월
P101,클래식,D001,세종특별자치시 금남면 황용리 463-6,070-4155-0914,10:00-21:00,10:00-21:00,-
P102,안터반점,D002,세종특별자치시 조치원읍 신안리 357-4,044-862-1236,11:00-16:00,11:00-16:00,일
P103,넘버트웰브,D001,세종특별자치시 전동면 보덕리 294-10,0507-1319-1825,10:00-19:00,10:00-21:00,-
P104,오렌지칠,D001,세종특별자치시 반곡동 771-87 114호,0507-1465-3505,10:30-20:00,-,토 일
P105,다방,D001,세종특별자치시 연서면 성제리 346-1,010-6501-8189,11:00-22:00,11:00-22:00,-
P106,이희원커피로스터즈,D001,세종특별자치시 보람동 629-5 112 113호,-,09:00-21:00,09:00-21:00,-
P107,에이치라운지,D001,세종특별자치시 도담동 669,044-865-7354,10:30-16:30,10:30-16:30,-
P108,듀크네,D001,충청북도 청주시 흥덕구 복대동 3242,0507-1356-1775,11:00-22:00,12:00-22:00,-
P109,카페피치,D001,충북 청주시 흥덕구 오송읍 연제리 535-3,043-233-2947,11:00-21:00,11:00-21:00,-
P110,고씨네세종CGV점,D002,세종특별자치시 종촌동 673 7층 702-2-1호,044-867-2476,10:00-21:00,10:00-21:00,-
P111,카페캐빈하우스,D001,세종시 부강면 부강리 640,044-866-5434,10:00-21:00,10:00-21:00,-
P112,호미빙,D001,세종특별자치시 조치원읍 서창리 188-21,044-862-0065,10:00-22:00,10:00-22:00,-
P113,김칠복커피,D001,충청북도 청주시 흥덕구 오송읍 연제리 702,070-8883-3300,08:00-22:00,10:00-18:00,-
P114,카페308,D001,충북 청주시 서원구 남이면 구암리 308-18,043-237-0308,10:30-23:00,10:30-23:00,월
P115,커피를따라흐름,D001,세종특별자치시 조치원읍 남리 395,044-864-5977,11:00-22:00,11:00-22:00,-
P116,카페스톤,D001,세종특별자치시 연서면 고복리 433-5,044-867-1610,12:00-21:00,12:00-21:00,-
P117,레인바우,D001,세종시 나성동 361-190 메가타워1 6층 레인바우,1877-1707,-,13:00-19:00,월 화 수 목 금
P118,바비런던,D002,세종특별자치시 조치원읍 신안리 360-9,044-862-1202,18:00-02:00,18:00-02:00,-
P119,그대있음에,D001,세종특별자치시 연서면 고복리 454,044-865-1001,10:00-22:00,10:00-22:00,-
P120,리베리카,D001,충청북도 청주시 흥덕구 강내면 학천리 39-1,043-235-7447,11:00-20:00,11:00-20:00,금
P121,블란서커피,D001,충청북도 청주시 흥덕구 비하동 395,043-233-4947,10:00-22:00,10:00-22:00,-
P122,펫크닉,D001,충청북도 청주시 흥덕구 강내면 월탄리 231-17,070-7664-0909,11:00-19:00,11:00-19:00,-
P123,파이올데이,D001,충청북도 청주시 흥덕구 강서동 466,043-236-2351,08:30-23:00,08:30-23:00,-
P124,드롭탑오송역언더패스점,D001,충청북도 청주시 흥덕구 오송읍 오송리 15-4,043-250-7788,05:30-01:00,05:30-01:00,-
P125,ENMA,D002,세종특별자치시 나성동 775,044-863-4198,월-목11:00-22:00 금11:00-22:00,-,토 일
P126,몽쁘띠롱,D001,충청북도 청주시 흥덕구 복대동 2751 102호,0507-1321-7362,11:30-20:01,11:30-20:02,월 화
P127,소소한한우세종조치원정육식당,D002,세종특별자치시 조치원읍 침산리 275-3 소소한한우 정육식당,044-867-2753,10:00-22:01,10:00-22:02,-
P128,흐름바베큐장,D002,세종특별자치시 조치원읍 남리 395,010-6330-0095,11:00-22:01,11:00-22:02,-
P129,오프플러스커피,D001,세종특별자치시 연서면 월하리 1017,0507-1330-5723,12:00-22:01,12:00-22:02,-
P130,우재,D001,세종특별자치시 연동면 명학리 111,-,11:00-22:01,11:00-22:02,-
P131,멜로마카롱스,D001,세종특별자치시 조치원읍 신안리 364-2,0507-1340-5572,10:20-21:01,10:20-21:02,-
P132,드링킹드림즈,D002,세종특별자치시 조치원읍 신안리 391,-,17:00-02:01,17:00-02:02,-
P133,나만봄카페,D001,세종특별자치시 금남면 부용리 76,044-863-2555,11:00-21:00,11:00-21:00,월
P134,은행나무집,D002,충청북도 청주시 흥덕구 강서동 168-5,-,-,-,-
P135,도요,D001,충청북도 청주시 흥덕구 오송읍 연제리 540-1,043-231-5403,10:30-21:01,10:30-21:02,-
P136,마라마라,D002,세종특별자치시 조치원읍 서창리 168-9,010-3362-3233,11:00-20:31,11:00-20:32,-
P137,옥산커피집,D001,충청북도 청주시 흥덕구 옥산면 가락리 455,070-7537-1357,09:00-21:00,09:00-21:00,월
P138,카페마래,D001,충청북도 청주시 흥덕구 지동동 764-1,043-231-3117,월-금11:00-22:3,토 11:00-22:30  일 11:00-21:30,-
P139,수목,D001,충청북도 청주시 흥덕구 강서동 27-5,0507-1394-4142,월11:00-18:00 수-금11:00-21:0,11:00-21:0,화
P140,디무드,D001,충청북도 청주시 흥덕구 가경동 1753,0507-1399-8624,12:00-20:00,12:00-20:00,월
P141,숯숯세종점,D002,세종특별자치시 연서면 와촌리 806-2,1899-7559,17:00-23:00,11:00-23:00,-
P142,줌마카페,D001,충청북도 청주시 흥덕구 수의동 185-10,0507-1325-5597,10:00-20:00,10:00-20:00,-
P143,오프리,D001,충청북도 청주시 흥덕구 가경동 1929,043-239-0055,12:00-19:00,12:00-19:00,월 화 수 목 일
P144,별난만두카페남이점,D001,충북 청주시 서원구 남이면 청남로 1195 별난만두카페,043-263-7775,07:30-20:30,07:30-20:30,첫째 셋째수
P145,온기,D001,세종특별자치시 나성동 356-1,044-998-6577,11:00-21:00,11:00-21:00,월 화
P146,고덕갈비,D002,충청남도 청양군 화성면 신정리 22-4,041-944-0068,10:30-20:00,10:30-20:00,수
P147,카페늘봄,D001,충청남도 홍성군 광천읍 매현리 459-1,041-641-1020,-,-,-
P148,족의한수,D002,충청남도 홍성군 홍성읍 남장리 75-30,041-633-5558,14:00-00:00,14:00-00:00,-
P149,카페진국,D001,충청남도 홍성군 홍성읍 고암리 1071-2,0507-1313-9951,10:00-22:00,10:00-22:00,-
P150,코리아식당,D002,충청남도 홍성군 홍성읍 오관리 460-6,041-631-7600,10:30-22:00,10:30-22:00,일
P151,홍담,D001,충청남도 홍성군 구항면 오봉리 285-2,0507-1318-6692,10:00-20:00,10:00-20:00,-
P152,슬로우잇다운,D001,충청남도 홍성군 홍성읍 남장리 532,041-631-0249,12:00-23:59,-,화 금 토 일
P153,솔매가든,D002,충청남도 홍성군 장곡면 상송리 444-1,041-642-3200,10:00-20:00,토 10:00-20:00  일 10:00-14:00,-
P154,카페버본,D001,충청남도 홍성군 금마면 죽림리 441-6,0507-1434-5780,08:30-20:00,08:30-20:00,둘째주 넷째주일 월
P155,작은오두막,D001,경상북도 영주시 문수면 월호리 1354-2,054-631-5599,12:00-20:30,12:00-20:30,일
P156,힛티숲,D002,경상북도 영주시 휴천동 463-4,070-7537-3408,08:30-20:00,08:30-20:00,-
P157,카페산청요,D001,경남 산청군 단성면 방목리 602-1,010-4842-6962,11:00-21:00,11:00-21:00,월
P158,돌담,D002,경상남도 산청군 단성면 청계리 251,055-973-5478,11:00-20:30,11:00-20:30,-
P159,칸타타147,D001,경상남도 산청군 단성면 입석리 289-1,0507-1313-9776,10:00-21:00,10:00-21:00,일
P160,엘림,D001,경상남도 산청군 단성면 운리 73-45,070-8884-5899,10:00-20:00,10:00-20:00,일
P161,강변가든,D002,경상남도 산청군 신안면 하정리 684-5,055-973-9307,05:00-00:00,05:00-00:00,-
P162,카페원지,D001,경상남도 산청군 신안면 하정리 771-2,0507-1347-1328,10:00-21:00,토 10:00-21:00  일 10:00-18:00,-
P163,조커닭,D002,경상남도 산청군 단성면 성내리 187-6,055-973-8292,14:00-22:30,14:00-22:30,-
P164,들뫼루,D002,경상남도 산청군 차황면 부리 326-1,055-973-9007,09:00-20:00,09:00-20:00,-
P165,마켓산청,D001,경상남도 산청군 신안면 안봉리 1045-9,0507-1394-4677,10:30-21:00,10:30-21:00,-
P166,카페제라늄,D001,경상남도 산청군 금서면 매촌리 224,010-3858-6575,11:00-21:00,11:00-21:00,-
P167,카페하녹,D001,전남 담양군 창평면 삼천리 237-2,061-383-1822,11:00-20:00,11:00-20:00,-
P168,삼거리농원,D002,전남 담양군 봉산면 연동리 334-5,061-381-3309,00:00-23:59,00:00-23:59,매주월
P169,러너웨이즈로스터스,D001,광주광역시 동구 산수동 543-6,-,09:00-17:30,-,토 일
P170,코튼드수플레,D001,전라남도 담양군 고서면 동운리 583-10,0507-1329-3893,12:00-19:00,12:00-19:00,월
P171,담양제과,D001,전라남도 담양군 담양읍 객사리 213-2,0507-1413-2371,12:00-18:30,12:00-18:30,-
P172,힉힉호무리과자점,D001,광주시 동구 산수동 554-13,0505-1234-5679,13:00-20:00,13:00-20:00,월 화 일
P173,서플라이,D001,전라남도 담양군 담양읍 객사리 229,0507-1418-5666,11:00-22:00,11:00-22:00,-
P174,옥담,D001,전남 담양군 봉산면 기곡리 264,061-383-8998,11:00-21:00,11:00-21:00,-
P175,명지원,D001,전라남도 담양군 고서면 고읍리 182-2,010-8527-0903,11:00-21:00,11:00-21:00,-
P176,대나무국수,D001,전라남도 담양군 담양읍 객사리 211-41,061-383-6445,08:00-21:00,08:00-21:00,-
P177,밀알플라워카페,D001,전남 담양군 담양읍 객사리 211-35,0507-1385-0811,09:00-22:00,09:00-22:00,-
P178,막둥이국수,D002,전라남도 담양군 담양읍 객사리 173-18,061-383-6451,10:00-21:00,10:00-21:00,화
P179,감모루,D002,광주광역시 북구 화암동 124,062-266-5913,-,-,-
P180,읍내커피,D001,전라남도 담양군 담양읍 객사리 268,0507-1362-9605,월11:00-15:00 화 수 목 금 11:00-22:00,11:00-22:00,일
P181,새벽식당,D002,전라남도 담양군 담양읍 학동리 670,061-381-3467,09:10-20:30,09:10-20:30,-
P182,햇살부르는바람소리,D001,전라남도 담양군 지곡리 195,061-382-5266,11:30-20:00,11:30-20:00,-
P183,달빛,D001,광주광역시 동구 지산동 714-17,062-227-0277,08:30-21:00,08:30-21:00,-
P184,송원산장,D002,광주광역시 북구 금곡동 209-24,062-266-6446,-,-,-
P185,지산낙원,D001,광주광역시 동구 지산동 63,0507-1314-2428,11:00-18:00,11:00-18:00,-
P186,아미앙,D001,광주광역시 동구 지산동 713-11,-,10:00-19:00,10:00-19:00,월 일
P187,밀크레페,D001,전남 담양군 월산면 화방리 205-1,010-2493-1801,11:30-19:00,11:30-21:00,-
P188,감나무캠핑,D002,광주광역시 북구 망월동 886-6,062-266-1823,11:00-23:59,11:00-23:59,-
P189,개구쟁이,D001,광주광역시 북구 망월동 822-2,062-261-2220,12:00-20:00,10:00-20:00,월
P190,베러댄와플광주지산점,D001,광주광역시 동구 지산동 694-47,070-4001-1510,10:00-21:00,-,토/일
P191,산장가는길,D001,광주광역시 북구 화암동 137,0507-1373-4999,-,-,-
P192,가미정레스토랑,D002,전라남도 담양군 가사문학면 학선리 24-2,061-381-0038,-,-,-
P193,던,D001,광주광역시 동구 지산동 191,0507-1314-3417,12:00-22:00,12:00-22:00,-
P194,비티씨르만,D001,광주광역시 동구 지산동 410-4,0507-1475-9020,12:00-22:00,12:00-22:00,일
P195,아쥬레(Azure),D001,전라남도 담양군 무정면 봉안리 225-1,061-381-8188,11:00-19:00,11:00-20:00,화
P196,우아한마카롱,D001,전라남도 담양군 담양읍 담주리 75-1,0507-1319-1522,12:00-20:00,12:00-20:00,월 화
P197,고서이야기,D002,전라남도 담양군 고서면 동운리 1389,0507-1330-2612,11:00-20:00,12:00-20:00,-
P198,무등산가자,D002,광주광역시 북구 금곡동 산209-18,062-266-2514,09:00-00:00,09:00-00:00,-
P199,한옥에서좋은날,D001,전라남도 담양군 창평면 삼천리 364,061-382-3832,월 목 금11:00-19:00 수11:00-19:00,11:00-19:00,-
P200,금의환향로스터스,D001,광주광역시 동구 운림동 601-3,0507-1375-2415,10:00-21:00,10:00-22:00,일
P201,오늘두시,D001,광주광역시 북구 두암동 589-18,0507-1415-1217,월10:00-14:00(((매주월은유동적근무))) 화 수 목 금09:30-21:00,09:30-21:00,일
P202,쌍교풍경채,D002,전라남도 담양군 봉산면 양지리 754-12,061-383-2255,11:00-20:00,11:00-20:00,-
P203,담양버거,D002,전라남도 담양군 담양읍 천변리 69,0507-1336-0136,11:30-20:00,11:30-19:00,화
P204,오팔,D001,전라남도 담양군 고서면 산덕리 433-1,061-382-5825,09:00-21:00,09:00-21:00,-
P205,카페얼씨,D001,광주광역시 북구 금곡동 939-2,062-266-2006,10:00-22:00,10:00-21:30,-
P206,캄파니아,D001,광주광역시 동구 지산동 산84-5,062-226-9363,11:00-22:00,11:00-22:00,-
P207,미유과자점미유과자점,D001,전라남도 담양군 담양읍 담주리 17-4,010-9522-9780,13:00-18:00,13:00-18:00,-
P208,최대감벌교꼬막,D002,전라남도 순천시 낙안면 동내리 265-36,061-753-0888,08:00-20:00,08:00-20:00,-
P209,놀부밥집,D002,전라남도 순천시 낙안면 동내리 265-44,061-753-0301,09:00-20:00,09:00-20:00,-
P210,상사호가든,D002,전라남도 순천시 상사면 응령리 429,061-745-6637,-,-,-
P211,낙안읍성커피,D001,전라남도 순천시 낙안면 동내리 265-44,061-751-4491,-,-,-
P212,승주로뎀나무카페,D001,전라남도 순천시 승주읍 신성리 1000-1,061-754-6479,08:30-20:30,08:30-20:30,-
P213,폭포애땅,D002,전라남도 순천시 상사면 흘산리 772-1,061-745-1636,-,-,-
P214,포레스트719,D001,전라남도 순천시 상사면 쌍지리 5-9,0507-1417-6903,10:30-20:00,10:30-20:00,-
P215,뮤트커피,D001,경상남도 창원시 의창구 도계동 346-5,055-277-0111,10:00-22:00,10:00-22:00,-
P216,메종드씨엘,D001,경상남도 창원시 의창구 서상동 671-9,055-253-5525,12:00-23:00,12:00-23:00,-
P217,어시장횟집,D002,경상남도 창원시 의창구 팔용동 124-1,055-297-8311,11:30-23:00,11:30-23:00,-
P218,와우,D002,경상남도 창원시 마산합포구 산호동 23-3,-,17:00-02:00,-,토/일
P219,카페타밀,D001,경남 함안군 칠원읍 운서리 188-2,055-587-3434,11:00-23:00,11:00-23:00,-
P220,베니베니,D001,경상남도 창원시 마산합포구 남성동 142-34,055-244-3551,11:00-22:00,11:00-22:00,일
P221,두빛나래가든,D002,경상남도 창원시 성산구 양곡동 1042-3,055-286-3340,13:00-23:00,13:00-23:00,월
P222,감나무집식육식당,D002,경상남도 창원시 마산합포구 동성동 279,0507-1311-0260,00:00-23:59,00:00-23:59,-
P223,약수장,D002,경남 창원시 마산합포구 교방동 245,055-223-9990,09:30-10:30,09:30-10:30,-
P224,갯내음,D002,경상남도 창원시 의창구 북면 화천리 415-6,055-263-9999,12:00-21:40,12:00-21:40,-
P225,탐앤탐스,D001,경상남도 창원시 의창구 북면 신촌리 1201-10,055-299-2249,09:40-22:00,09:40-22:00,-
P226,레이카페,D001,경상남도 창원시 의창구 팔용동 131-9,070-7802-8989,09:00-23:00,토 09:00-23:00  일 12:00-00:00,-
P227,멕시카나치킨,D002,경남 함안군 칠원읍 예곡리 616-2 멕시카나치킨,055-587-9923,12:00-23:00,12:00-23:00,-
P228,언제나맑음,D001,경상남도 창원시 마산합포구 창동 39-1,-,11:00-17:20,12:30-19:00,-
P229,벨르시앙,D001,경상남도 창원시 마산회원구 양덕동 46-5,055-253-0887,-,13:00-19:00,월
P230,라상떼베이커리카페,D001,경남 창원시 마산회원구 합성동 849-2,055-255-4588,10:00-23:59,10:00-23:59,-
P231,더베어케이크,D001,경상남도 창원시 성산구 반지동 66-15,0507-1313-9790,수12:00-19:00 목 금12:00-19:00,-,월 화 토 일
P232,헤이나나,D001,경남 창원시 의창구 북면 감계리 275-2,070-4151-3452,10:30-21:00,10:30-21:00,-
P233,반월닭볶이,D002,경상남도 창원시 마산합포구 중앙동1가 7-6,055-222-9229,11:00-14:00,17:00-20:00,-
P234,야매식당,D002,경상남도 창원시 마산회원구 내서읍 상곡리 53,0507-1394-1766,18:30-02:30,18:30-02:30,-
P235,낙원떡집,D001,경상남도 창원시 의창구 명서동 75-7,055-277-8783,06:00-20:00,06:00-20:00,-
P236,고려횟집,D002,경상남도 창원시 마산합포구 남성동 253-8,055-222-2661,08:00-00:00,-,-
P237,명동식당,D002,경상남도 창원시 마산합포구 산호동 209-1,055-247-0533,09:00-22:00,09:00-22:00,일
P238,우리밥상,D002,경상남도 창원시 마산회원구 내서읍 호계리 13-2,055-231-4700,15:00-17:00,-,토 일
P239,오가죽골,D002,경상남도 창원시 의창구 북면 신촌리 1217,010-6578-6550,-,-,-
P240,GP커피마스터,D001,경상남도 창원시 마산합포구 오동동 307-1,-,11:00-22:30,10:30-22:30,일
P241,카페길,D001,경상남도 창원시 마산회원구 합성동 74-6,070-4227-0013,11:00-23:00,11:00-23:00,-
P242,고가국밥,D002,경남 함안군 칠원읍 구성리 779-1,055-586-0060,10:00-20:00,10:00-20:00,-
P243,백년가든,D002,경상남도 창원시 마산회원구 내서읍 신감리 569-1,055-232-0785,11:00-22:00,11:00-22:00,-
P244,장미정원무인북카페,D001,경남 함안군 칠원읍 운곡리 293,0507-1433-6636,07:00-23:00,07:00-23:00,-
P245,공유공간빨강,D001,경상남도 창원시 의창구 팔용동 119-7,055-261-0603,월12:00-22:00 화 수 목 금10:00-22:00,-,토 일
P246,코요테어글리,D002,경상남도 창원시 마산합포구 산호동 11-68,055-244-4450,20:00-03:00,20:00-03:00,일
P247,모코네,D001,경상남도 창원시 마산회원구 구암동 279-28,055-602-4607,00:00-23:59,00:00-23:59,월
P248,카페연월,D001,경상남도 창원시 의창구 팔용동 134-7,0507-1342-0386,13:00-22:30,13:00-22:30,둘째주월
P249,소소한순간,D001,경상남도 창원시 의창구 도계동 320-1,0507-1329-9463,11:30-20:00,11:30-20:00,-
P250,도계가배점도계가배점,D001,경상남도 창원시 의창구 도계동 325-2,0507-1326-1825,11:00-21:00,11:00-21:00,목
P251,명동갈비탕,D002,경상남도 창원시 의창구 팔용동 156-1 2층,055-256-2822,10:30-21:00,10:30-21:00,일
P252,루츠,D001,경상남도 창원시 의창구 도계동 345-4,010-9808-4249,12:00-22:00,12:00-22:00,-
P253,당신들의시간,D001,경상남도 창원시 의창구 북면 무동리 219-1,055-296-0960,10:30-21:00,10:30-21:00,1 3주째 일  2 4주째 수
P254,봉이네분식,D002,경상남도 창원시 마산회원구 구암동 266-1,0507-1341-2774,09:20-23:10,09:20-23:10,-
P255,마미찹쌀꽈배기반지점,D001,경상남도 창원시 성산구 반지동 74-6,055-289-3131,11:00-20:00,11:00-20:00,-
P256,카페헤이,D001,경상남도 창원시 의창구 도계동 320-17,0507-1321-5329,08:00-18:00,08:00-18:00,월
P257,그릴번즈,D002,경상남도 창원시 마산회원구 양덕동 7-62,0507-1416-5790,12:00-21:00,12:00-21:00,월
P258,오늘의봄날,D001,경상남도 창원시 의창구 봉곡동 79-1,010-2777-1518,09:00-20:00,09:00-20:00,-
P259,컴포즈커피창원대원꿈에그린점,D001,경상남도 창원시 성산구 대원동 40,055-237-7757,08:30-22:00,08:30-22:00,일
P260,스테이위드미,D001,경상남도 창원시 마산합포구 장군동3가 20-10,0507-1366-2086,12:00-19:00,12:00-19:00,월 일
P261,창원커피래빗홀,D001,경상남도 창원시 의창구 봉곡동 118-1,055-288-0330,10:30-22:00,10:30-22:00,-
P262,통영장어,D002,경상남도 창원시 마산합포구 남성동 244-4,055-245-1922,06:00-19:00,06:00-19:00,-
P263,라피스테,D001,경상남도 창원시 마산회원구 합성동 158-43,0507-1347-3165,12:00-21:00,12:00-21:00,-
P264,커피마마신마산점,D001,경상남도 창원시 마산합포구 신창동 14-1,055-222-5220,10:00-23:00,10:00-23:00,-
P265,버터풀데이,D001,경상남도 창원시 의창구 도계동 347-3 106호 버터풀데이,055-276-0155,12:00-21:00,12:00-21:00,화
P266,우아커피,D001,경상남도 창원시 마산합포구 창동 45-1,0507-1439-5228,00:00-23:59,00:00-23:59,-
P267,카페소담아,D001,경상남도 창원시 마산합포구 산호동 26-10,0507-1331-0457,11:00-22:00,11:00-22:00,월
P268,초목원,D002,경상남도 함안군 칠서면 무릉리 447,055-586-0005,11:30-22:00,11:30-22:00,-
P269,온맘다해,D001,경상남도 창원시 마산회원구 회원동 429-1,010-2205-8386,-,-,-
P270,집어가칠원오곡점,D002,경상남도 함안군 칠원읍 오곡리 113,0507-1466-1458,00:00-23:59,00:00-23:59,-
P271,마요네즈마산합성점,D002,경상남도 창원시 마산회원구 합성동 102-6,055-602-5151,06:00-03:00,06:00-03:00,-
P272,밀실,D002,경상남도 창원시 마산합포구 오동동 187,0507-1483-5041,17:00-02:00,17:00-02:00,-
P273,건강하새우,D002,경상남도 창원시 마산회원구 내서읍 신감리 902,055-232-1577,11:30-21:00,11:30-21:00,-
P274,프롬디어케이크,D001,경상남도 창원시 의창구 소답동 108-6,0507-1350-4490,11:00-22:00,11:00-22:00,-
P275,카페루시올레,D001,경남 창원시 성산구 북면 무동리 439-1,055-255-8883,11:00-22:00,11:00-22:00,월
P276,촘촘케이크,D001,경상남도 창원시 마산회원구 양덕동 61-50 1층 촘촘케이크,0507-1342-0462,12:00-19:00,11:00-19:00,-
P277,마운트,D001,경상남도 창원시 마산회원구 구암동 16-38 마운트,0507-1484-4525,12:00-21:00,12:00-21:00,일
P278,봉등당,D001,경상북도 영천시 문외동 252-4,0507-1342-3811,11:00-22:00,11:00-22:00,월
P279,와이식당,D002,경상북도 영천시 과전동 73-3,0507-1404-9927,11:00-20:00,11:00-20:00,-
P280,쁠랑,D001,경상북도 영천시 임고면 효리 804-1,054-336-5015,10:30-21:00,10:30-21:00,-
P281,비다펠리즈,D001,경상북도 영천시 과전동 73-3,-,11:00-21:00,11:00-21:00,월-수
P282,애술가,D002,경상북도 영천시 성내동 184-4,0507-1343-1865,00:00-23:59,00:00-23:59,월
P283,설렘커피문외점,D001,경상북도 영천시 문외동 50-20,070-4415-8282,09:00-23:00,09:00-23:00,-
P284,돈통,D002,경상북도 영천시 도동 232-9,054-336-6798,10:00-21:00,10:00-21:00,-
P285,황실다방,D001,경상북도 영천시 완산동 988-19,054-332-9292,00:00-23:59,00:00-23:59,-
P286,카페더반,D001,경상북도 영천시 야사동 619,010-9946-0319,-,12:30-18:00,-
P287,커들리,D001,경상북도 영천시 임고면 양항리 483,0507-1341-6797,10:00-20:00,10:00-21:00,-
P288,삼겹살삼국지,D002,경상북도 영천시 임고면 선원리 909-119,054-338-3312,11:30-22:00,11:30-22:00,화
P289,문나이트라운지클럽,D002,경상북도 영천시 완산동 1073-9,010-9688-2116,18:30-03:00,-,토 일
P290,길카페,D001,경상북도 영천시 화룡동 219-16,054-338-2221,18:00-02:00,18:00-02:00,-
P291,배스킨라빈스영천시청점,D001,경상북도 영천시 문외동 12,054-334-3331,10:00-23:00,10:00-23:00,-
P292,보현각,D002,경상북도 영천시 화남면 금호리 763-4,054-336-7560,10:30-20:30,10:30-20:30,-
P293,초원식당,D002,경상북도 영천시 완산동 904-37,054-332-3773,06:30-21:00,06:30-21:00,-
P294,카페청담,D001,경상북도 영천시 완산동 1089-13,0507-1323-9761,10:00-19:00,-,토 일
P295,아줄레주,D001,제주특별자치도 서귀포시 성산읍 신풍리 627,0507-1411-4052,11:00-19:00,11:00-19:00,매주화 수(화 수 정기휴무(노키즈존7세이상부터가능))
P296,어반정글,D001,제주특별자치도 서귀포시 성산읍 고성리 208-8,0507-1321-5918,11:00-18:30,-,금 토 일
P297,친봉산장,D001,제주 제주시 구좌읍 송당리 1389-4,0507-1442-5456,-,-,매주(송당리점영업종료.서귀포이전중)
P298,송당나무,D001,제주특별자치도 제주시 구좌읍 송당리 874-4,010-9364-2819,10:00-18:00,10:00-18:00,-
P299,오르다,D001,제주특별자치도 서귀포시 성산읍 성산리 308,064-783-8368,09:00-21:00,09:00-21:00,-
P300,성산연화,D002,제주특별자치도 서귀포시 성산읍 성산리 170-3,064-805-0211,18:00-00:00,18:00-00:00,-
P301,아이스크림연구소,D001,제주특별자치도 제주시 우도면 연평리 343-2 1층,0507-1413-3057,09:00-18:00,09:00-18:00,-
P302,치저스,D002,제주특별자치도 제주시 구좌읍 송당리 1581-1,070-7798-1447,11:00-16:00,11:00-16:00,화-목
P303,우연히 그곳,D001,제주특별자치도 제주시 구좌읍 송당리 1370-3,0507-1338-1879,11:00-18:00,11:00-18:00,목
P304,온더스톤브런치카페,D001,제주특별자치도 서귀포시 성산읍 오조리 374,010-4926-2746,08:00-21:30,08:00-21:30,-
P305,마돈,D002,제주도 서귀포시 성산읍 고성리 206-11,064-784-5379,10:00-22:00,10:00-22:00,-
P306,제이아일랜드,D001,제주특별자치도 서귀포시 성산읍 신산리 421-1,064-782-7077,09:30-19:30,09:30-19:30,-
P307,복돼지식당,D002,제주도 서귀포시 표선면 성읍리 481-7,064-787-0290,09:00-20:00,09:00-20:00,-
P308,떠돌이식객,D002,제주특별자치도 서귀포시 성산읍 고성리 212-6,064-782-0505,09:00-22:00,09:00-22:00,화
P309,코코마마,D002,제주특별자치도 서귀포시 성산읍 성산리 140-8,064-782-5569,10:00-21:00,10:00-21:00,-
P310,잔디공장,D001,제주도 서귀포시 성산읍 신산리 1073-9,070-7576-2553,11:00-19:00,11:00-19:00,-
P311,그대와함께라면,D002,제주특별자치도 서귀포시 성산읍 고성리 594-2,010-5115-8118,10:00-20:00,10:00-20:00,-
P312,오른,D001,제주특별자치도 서귀포시 성산읍 오조리 394,064-783-1559,10:30-19:00,10:30-19:00,2 4째주 수 휴무(동절기)
P313,비자블라썸,D001,제주특별자치도 제주시 구좌읍 평대리 3210-4,0507-1341-3885,10:00-18:00,10:00-18:00,일
P314,환영키친,D002,제주 제주시 구좌읍 송당리 1358-1,0507-1323-4631,00:00-23:59,00:00-23:59,화  쉬는시간 16:00-17:30
P315,벙커하우스,D001,제주 서귀포시 법환동 140,0507-1358-0803,09:30-22:00,09:30-22:00,-
P316,숨도,D001,제주특별자치도 서귀포시 호근동 569-2,064-739-5588,08:00-18:00,08:00-18:00,-
P317,베이크샵스니프,D001,제주특별자치도 서귀포시 서호동 1476-1,070-8845-0727,11:00-20:00,11:00-20:00,월 화
P318,카페지니,D001,제주특별자치도 서귀포시 남원읍 신례리 85-3,064-733-6798,10:00-22:00,10:00-22:00,월
P319,흑돼지BBQ,D002,제주특별자치도 서귀포시 서귀동 817-2,064-762-1277,16:00-23:00,16:00-23:00,-
P320,문치비,D002,제주특별자치도 서귀포시 강정동 172-2,064-739-2560,12:00-00:00,12:00-00:00,-
P321,카페블루하우스올레시장점,D001,제주특별자치도 서귀포시 서귀동 297-20,0507-1393-1688,10:00-21:00,11:00-21:00,-
P322,네이처캔버스,D001,제주특별자치도 서귀포시 남원읍 신례리 829-5,064-762-7129,-,-,매주(주방공사중-11월오픈예정)
P323,돈사향서귀포점,D002,제주특별자치도 서귀포시 서귀동 295-27,064-763-6900,17:30-23:00,17:30-23:00,-
P324,티나케이크,D001,제주특별자치도 서귀포시 서귀동 315-2,-,11:00-21:00,11:00-21:00,-
P325,제주흑돈세상수라간,D002,제주도 서귀포시 서홍동 265-1,064-762-8588,12:00-22:00,12:00-22:00,-
P326,모메든식당,D002,제주특별자치도 서귀포시 하원동 1381-1,0507-1415-8205,17:00-22:00,17:00-22:00,-
P327,다도,D002,제주특별자치도 서귀포시 법환동 1556-2,0507-1309-5969,월 목 금09:00-16:30 화09:00-15:00,09:00-16:30,수 일
P328,텐저린,D001,제주특별자치도 서귀포시 법환동 1298-3,064-738-9767,10:00-19:00,10:00-19:00,-
P329,서귀피안,D001,제주특별자치도 서귀포시 서호동 153-8,070-7747-5914,11:00-20:00,11:00-20:00,인스타공지확인
P330,카페숑,D001,제주특별자치도 서귀포시 남원읍 신례리 27-6,070-4191-0586,09:30-18:00,09:30-18:00,화
P331,탐라갈치,D002,제주특별자치도 서귀포시 서귀동 90-1,064-763-6676,10:00-22:00,10:00-22:00,-
P332,서귀포흑돈,D002,제주특별자치도 서귀포시 토평동 551-2,064-767-9718,12:00-22:00,12:00-22:00,-
P333,올디벗구디,D001,제주 서귀포시 도순동 904-1 이층집,010-9082-1914,11:00-21:00,11:00-21:00,인스타공지확인
P334,올레안뜰,D002,제주특별자치도 서귀포시 법환동 229,064-738-7720,월11:30-20:00 화11:30-20:00,-,수 목 금 토 일
P335,애월더선셋,D001,제주특별자치도 제주시 애월읍 곽지리 1381,064-799-5943,10:00-20:00,10:00-20:00,-
P336,레이지펌프,D001,제주특별자치도 제주시 애월읍 애월리 2578-1,0507-1325-8732,09:00-20:00,09:00-20:00,-
P337,리치망고본점,D001,제주특별자치도 제주시 애월읍 고내리 474-1,070-4243-5959,10:00-18:30,10:00-18:30,-
P338,심바카레,D002,제주특별자치도 제주시 애월읍 금성리 472-5,064-799-4164,10:30-20:00,10:30-20:00,수
P339,바당길,D002,제주특별자치도 제주시 한림읍 한림리 1475-10,064-796-1658,08:00-15:00,08:00-15:00,목
P340,별돈별,D002,제주특별자치도 제주시 한경면 고산리 2471,064-772-5895,월 화 금12:00-22:00 목12:00-22:00,12:00-22:00,수
P341,썬셋클리프,D001,제주특별자치도 제주시 애월읍 애월리 2477,064-799-4040,10:00-22:00,10:00-22:00,-
P342,양가형제,D002,제주특별자치도 제주시 한경면 청수리 746-8,0507-1405-7734,11:00-19:00,11:00-19:00,-
P343,제주협재바다해찬,D002,제주특별자치도 제주시 한림읍 협재리 2514-28,064-796-6261,10:00-22:00,10:00-22:00,-
P344,카페원웨이,D001,제주도 제주시 한경면 금등리 652-4,064-773-0225,08:00-22:00,08:00-22:00,-
P345,명랑스낵,D002,제주특별자치도 제주시 한림읍 한림리 1479-4,070-4245-4548,11:30-18:15,11:30-18:15,한달에 한 번 대청소로 임휴무
P346,금능낙원,D002,제주특별자치도 제주시 한림읍 금능리 1716,064-796-6175,08:30-20:00,08:30-20:00,-
P347,더바당카페,D001,제주 제주시 애월읍 고내리 1156,0507-1386-7894,09:00-18:00,09:00-18:00,-
P348,제주홍돈,D002,제주특별자치도 제주시 한림읍 한림리 1590-1,064-796-2250,12:00-23:00,12:00-23:00,-
P349,벨라베이커리,D001,제주도 서귀포시 안덕면 서광리 2518,064-792-1112,08:00-22:00,08:00-22:00,-
P350,리치망고,D001,제주특별자치도 제주시 한림읍 옹포리 596-2,064-796-7729,10:00-21:00,10:00-21:00,-
P351,성산수구레국밥,D002,제주특별자치도 서귀포시 안덕면 서광리 956-4,064-792-7928,화-목09:00-15:30 금09:00-15:30,09:00-15:30,월
P352,어애랑,D002,제주특별자치도 제주시 한림읍 협재리 1510,064-796-9253,08:00-20:00,08:00-20:00,화
P353,곽지식당,D002,제주특별자치도 제주시 애월읍 곽지리 1575-3,064-799-5546,11:00-02:00,11:00-02:00,-
P354,협재해물라면쪼꼴락상회,D002,제주도 제주시 한림읍 협재리 1750,010-4653-1666,10:00-17:00,10:00-17:00,-
P355,명월국민학교,D001,제주특별자치도 제주시 한림읍 명월리 1734,070-8803-1955,11:00-19:00,11:00-19:00,인스타 공지 확인 및 전화 문의
P356,금능태왁,D002,제주 제주시 한림읍 금능리 1733 1층 상가,0507-1311-1512,17:00-22:00,17:00-22:00,목
P357,다운타우너제주애월,D002,제주특별자치도 제주시 애월읍 애월리 2527-3,070-4244-0109,11:00-21:00,11:00-21:00,-
P358,까미노,D001,제주특별자치도 제주시 애월읍 하가리 1400,064-799-9789,10:30-20:00,10:30-20:00,-
P359,로맨틱새우,D002,제주특별자치도 제주시 애월읍 곽지리 1584-5,064-799-1588,11:00-21:00,11:00-21:00,-
P360,찰리아저씨맛집,D002,제주특별자치도 제주시 한경면 고산리 2768-2,064-773-0145,08:00-19:00,08:00-19:00,-
P361,한림칠돈가,D002,제주특별자치도 제주시 한림읍 동명리 1846,064-749-5601,12:00-23:00,12:00-23:00,-
P362,제주김귤,D001,제주특별자치도 제주시 한림읍 금능리 2162-6,0507-1325-7284,11:00-19:00,11:00-19:00,-
P363,올레카페,D001,제주도 제주시 한림읍 협재리 2992,010-6534-9955,09:00-16:00,09:00-16:00,-
P364,금능반지하,D001,제주특별자치도 제주시 한림읍 금능리 1493-1,0507-1333-4337,12:00-22:00,12:00-22:00,-
P365,바다를본돼지,D002,제주특별자치도 제주시 노형동 1055-4,064-747-9242,12:00-23:00,12:00-23:00,-
P366,맥파이브루어리,D002,제주특별자치도 제주시 회천동 1309,064-721-0227,수12:00-20:00 목 금12:00-20:00,12:00-20:00,-
P367,희야국수,D002,제주 제주시 도두이동 353-2,064-748-7740,07:30-18:00,07:30-18:00,화
P368,맥파이,D002,제주특별자치도 제주시 삼도2동 1261-7,064-722-2849,17:00-01:00,17:00-01:00,-
P369,미스틱3도,D001,제주특별자치도 제주시 노형동 291-10,064-743-2905,09:00-20:00,09:00-20:00,-
P370,엘리펀트힙,D002,제주 제주시 삼도2동 1261-10,0507-1334-2877,17:30-21:30,17:30-21:30,월 화
P371,아침미소목장,D001,제주특별자치도 제주시 월평동 157,064-727-2545,10:00-17:00,10:00-17:00,화
P372,황금손가락,D002,제주특별자치도 제주시 노형동 291-21,064-746-8281,11:00-21:00,11:00-21:00,월
P373,블루메베이글,D001,제주특별자치도 제주시 이도이동 1035-7,0507-1445-3444,10:00-19:00,10:00-19:00,인스타그램  카카오 채널 사전 공지
P374,그러므로part2,D001,제주 제주시 노형동 128,070-8844-2984,10:30-21:00,-,월 토 일
P375,멜맥집,D002,제주특별자치도 제주시 건입동 1322,070-4251-4792,18:00-00:00,18:00-00:00,월 일
P376,제니의정원,D002,제주특별자치도 제주시 연동 1934-1,064-742-0649,10:00-18:00,10:00-18:00,화 수
P377,위더스트래블,D001,제주특별자치도 제주시 일도1동 1298-22,070-4262-7768,10:30-16:00,10:30-16:00,수
P378,리듬,D001,제주특별자치도 제주시 삼도이동 1073,070-7785-9160,11:00-21:00,11:00-21:00,일없으면휴무
P379,에오마르,D001,제주특별자치도 제주시 삼양일동 1569-26,0507-1357-2412,09:00-21:00,09:00-21:00,-
P380,커피파인더,D001,제주 제주시 이도2동 1766-7,064-726-2689,10:00-22:00,10:00-22:00,-
P381,동백별장,D002,제주도 제주시 노형동 903-1,010-8885-7876,17:00-01:00,17:00-01:00,화
P382,뚱보조개,D002,제주특별자치도 제주시 이도2동 1188-10,064-752-0575,15:00-23:50,15:00-23:50,-
P383,귤품은흑돼지제주공항점,D002,제주특별자치도 제주시 도두일동 2613-1 2층,064-712-4990,12:00-23:00,12:00-23:00,-
P384,볕이드는곳벧디,D001,제주특별자치도 제주시 연동 1326 한라수목원내,064-746-1541,10:00-23:00,10:00-23:00,-
P385,인더그린,D001,제주도 제주시 노형동 82-2,064-711-9272,11:00-19:30,11:00-19:30,-
P386,탐나제과,D001,제주특별자치도 제주시 일도1동 1148-2,070-8900-4663,12:00-21:00,12:00-21:00,-
P387,돈사촌,D002,제주특별자치도 제주시 삼도2동 835,064-722-9285,16:00-23:30,16:00-23:30,-
P388,온평,D002,제주 제주시 이도이동 1767-17,0507-1346-0810,19:00-03:00,19:00-03:00,-
P389,위더스트래블,D001,제주특별자치도 제주시 아라일동 6113-16,064-722-0823,09:00-16:00,09:00-16:00,수
P390,조천끗집,D001,제주특별자치도 제주시 조천읍 조천리 2769-2,064-783-8707,11:00-17:00,토 11:00-17:00  일 12:00-17:00,화
P391,리듬,D001,제주도 제주시 삼도이동 1073,070-7785-9160,11:00-21:00,11:00-21:00,목
P392,스시혼,D002,제주특별자치도 제주시 노형동 88-4,0504-1845-7801,11:30-22:00,11:30-22:00,-
P393,동문양과점유월,D001,제주특별자치도 제주시 일도일동 1103,0507-1368-4631,11:00-21:00,11:00-21:00,-
P394,딜레탕트,D001,제주특별자치도 제주시 조천읍 조천리 3253-12,0507-1381-0727,10:00-19:00,10:00-19:00,-
P395,스물다섯,D001,제주특별자치도 제주시 노형동 1275-11,064-748-3334,11:00-21:00,11:00-21:00,-
P396,맥키쉬,D001,제주특별자치도 제주시 화북일동 1654,0507-1384-6140,12:00-20:00,12:00-20:00,수 목
P397,머스크,D001,제주특별자치도 제주시 화북일동 1987-4,010-2634-3006,09:00-21:00,09:00-21:00,-
P398,오쿠다공항점,D002,제주특별자치도 제주시 용담이동 2696-30,064-711-9303,10:00-21:00,10:00-21:00,-
P399,동고량,D002,제주특별자치도 제주시 삼도2동 22-2,070-7868-2549,-,-,매주(가게이전으로휴무)
P400,리유니온,D001,제주 제주시 이도2동 1186-4 1층,064-758-6399,12:00-00:00,12:00-00:00,매주수
P401,탐나버거,D002,제주특별자치도 제주시 오등동 688-5,070-4038-0410,11:00-20:30,11:00-20:30,-
P402,식전당포,D002,제주도 제주시 이도2동 1188-31,0507-1486-7010,15:00-23:00,13:00-23:00,월(비오는월오픈)
P403,RG펜션,D003,경상남도 하동군 화개면 운수리 895,055-883-3383,00:00-23:59,00:00-23:59,-
P404,가평 2PM애견펜션,D003,경기도 가평군 상면 임초리 409,0505-356-9559,00:00-23:59,00:00-23:59,-
P405,가평 SG베네치아펜션,D003,경기도 가평군 북면 백둔리 495-1,010-3222-8012,00:00-23:59,00:00-23:59,-
P406,가평 가르텐하임펜션,D003,경기도 가평군 북면 백둔리 579-9,010-2810-1011,00:00-23:59,00:00-23:59,-
P407,가평 계곡펜션,D003,경기도 가평군 상면 항사리 24-4,010-5535-3331,00:00-23:59,00:00-23:59,-
P408,가평 구름위산책 펜션&글램핑,D003,경기도 가평군 조종면 현리 2-4,010-3888-9482,00:00-23:59,00:00-23:59,-
P409,가평 굿모닝하우스 애견동반펜션,D003,경기도 가평군 가평읍 두밀리 426-1,0505-765-0425,00:00-23:59,00:00-23:59,-
P410,가평 그린듯이아름다운 애견펜션,D003,경기도 가평군 조종면 상판리 147,010-8871-3866,00:00-23:59,00:00-23:59,-
P411,가평 까만콩펜션,D003,경기도 가평군 북면 도대리 336-47,010-2234-2802,00:00-23:59,00:00-23:59,-
P412,가평 까망베르 애견펜션,D003,경기도 가평군 북면 백둔리 63-10,010-8448-7224,00:00-23:59,00:00-23:59,-
P413,가평 더뉴스테이풀빌라 가평1호점,D003,경기도 가평군 가평읍 이화리 112-25,010-5861-3909,00:00-23:59,00:00-23:59,-
P414,가평 더뮤즈 애견펜션,D003,경기도 가평군 북면 백둔리 68,010-4260-8510,00:00-23:59,00:00-23:59,-
P415,가평 덕솔이네 독채펜션,D003,경기도 가평군 상면 덕현리 162-12,010-6422-5416,00:00-23:59,00:00-23:59,-
P416,가평 드림펜션,D003,경기도 가평군 북면 백둔리 92-1,010-8003-1456,00:00-23:59,00:00-23:59,-
P417,가평 땡큐도그 애견펜션,D003,경기도 가평군 설악면 회곡리 16,010-3278-5386,00:00-23:59,00:00-23:59,-
P418,가평 리스테이펜션,D003,경기도 가평군 조종면 신상리 262-6,010-4858-1959,00:00-23:59,00:00-23:59,-
P419,가평 모노438 펜션,D003,경기도 가평군 가평읍 마장리 983-16,0505-765-0493,00:00-23:59,00:00-23:59,-
P420,가평 별끌림하우스,D003,경기도 가평군 설악면 묵안리 135-1,010-8072-3993,00:00-23:59,00:00-23:59,-
P421,가평 산울림한옥펜션,D003,경기도 가평군 가평읍 두밀리 129-1,010-3172-3465,00:00-23:59,00:00-23:59,-
P422,가평 산타마리아 펜션,D003,경기도 가평군 가평읍 복장리 256-5,0505-765-0455,00:00-23:59,00:00-23:59,-
P423,가평 설곡옻샘펜션,D003,경기도 가평군 설악면 설곡리 742-3,031-584-9339,00:00-23:59,00:00-23:59,-
P424,가평 송어낚시산수펜션,D003,경기도 가평군 북면 도대리 532-1,031-581-7968,00:00-23:59,00:00-23:59,-
P425,가평 스머프펜션,D003,경기도 가평군 북면 백둔리 63-10,010-9297-2300,00:00-23:59,00:00-23:59,-
P426,가평 스테이어게인 67 애견펜션,D003,경기도 가평군 상면 상동리 83,010-3593-2543,00:00-23:59,00:00-23:59,-
P427,가평 아일랜드코쿤,D003,경기도 가평군 북면 제령리 654,010-9008-5020,00:00-23:59,00:00-23:59,-
P428,가평 아주특별한여행,D003,경기도 가평군 가평읍 복장리 106,010-6327-0859,00:00-23:59,00:00-23:59,-
P429,가평 아트 애견동반 펜션,D003,경기도 가평군 청평면 고성리 414-7,0505-356-9662,00:00-23:59,00:00-23:59,-
P430,가평 애플롯지 펜션,D003,경기도 가평군 설악면 회곡리 536-2,0505-356-9686,00:00-23:59,00:00-23:59,-
P431,가평 어느날 스파펜션,D003,경기도 가평군 청평면 상천리 1507-1,0505-765-0625,00:00-23:59,00:00-23:59,-
P432,가평 엘린 펜션,D003,경기도 가평군 가평읍 금대리 286-3,0505-356-9674,00:00-23:59,00:00-23:59,-
P433,가평 연인과산,D003,경기도 가평군 가평읍 승안리 630,010-7321-4155,00:00-23:59,00:00-23:59,-
P434,가평 오페라밸리,D003,경기도 가평군 설악면 엄소리 421-7,010-2848-6931,00:00-23:59,00:00-23:59,-
P435,가평 오페라하우스펜션,D003,경기도 가평군 청평면 고성리 66-4,031-585-8936,00:00-23:59,00:00-23:59,-
P436,가평 오하브 글램핑,D004,경기도 가평군 북면 제령리 533-1,031-582-0002,00:00-23:59,00:00-23:59,-
P437,가평 오하브 펜션,D003,경기도 가평군 북면 제령리 533-1,031-582-0002,00:00-23:59,00:00-23:59,-
P438,가평 와이캠핑장,D004,경기도 가평군 청평면 청평리 134-86,0507-1315-9878,00:00-23:59,00:00-23:59,-
P439,가평 운악홀리데이카라반,D004,경기도 가평군 조종면 신상리 206-10,0505-356-9520,00:00-23:59,00:00-23:59,-
P440,가평 위드멍 애견동반펜션,D003,경기도 가평군 상면 행현리 622-10,0505-765-0696,00:00-23:59,00:00-23:59,-
P441,가평 천섬리조트,D003,경기도 가평군 설악면 사룡리 177-4,010-4420-2408,00:00-23:59,00:00-23:59,-
P442,가평 카세리오,D005,경기도 가평군 가평읍 금대리 613-16,031-581-8001,00:00-23:59,00:00-23:59,-
P443,가평 클럽보드 리조트,D003,경기도 가평군 가평읍 금대리 510,031-581-0606,00:00-23:59,00:00-23:59,-
P444,가평 클럽인너,D003,경기도 가평군 가평읍 금대리 23-3,031-581-2270,00:00-23:59,00:00-23:59,-
P445,강릉 2블럭 스파펜션,D003,강원도 강릉시 연곡면 영진리 357-51,0505-356-9658,00:00-23:59,00:00-23:59,-
P446,강릉 경포도도펜션,D003,강원도 강릉시 안현동 403-3,010-5158-5833,00:00-23:59,00:00-23:59,-
P447,강릉 경포딩가애견펜션,D003,강원도 강릉시 안현동 55-2,010-4860-4799,00:00-23:59,00:00-23:59,-
P448,강릉 경포코지 애견동반펜션,D003,강원도 강릉시 초당동 433-3,010-5894-7753,00:00-23:59,00:00-23:59,-
P449,강릉 나인원펜션,D003,강원도 강릉시 안현동 743-3,010-4437-5262,00:00-23:59,00:00-23:59,-
P450,강릉 무주하우스,D003,강원도 강릉시 교동 491,033-646-7625,00:00-23:59,00:00-23:59,-
P451,강릉 블루앤펫펜션,D003,강원도 강릉시 강문동 212,010-4428-7582,00:00-23:59,00:00-23:59,-
P452,강릉 소금강행복펜션,D003,강원도 강릉시 연곡면 삼산리 521,033-661-4115,00:00-23:59,00:00-23:59,-
P453,강릉 일출 애견동반펜션,D003,강원도 강릉시 안현동 2-7,0505-765-0486,00:00-23:59,00:00-23:59,-
P454,강릉 퍼니 단체 펜션,D003,강원도 강릉시 안현동 199,0505-356-9519,00:00-23:59,00:00-23:59,-
P455,강릉 하얀우드 애견동반펜션,D003,강원도 강릉시 저동 478-3,0505-356-9602,00:00-23:59,00:00-23:59,-
P456,강릉 해송펜션,D003,강원도 강릉시 안현동 190,0505-356-9518,00:00-23:59,00:00-23:59,-
P457,강릉 해피몽펜션,D003,강원도 강릉시 성산면 보광리 881-2,010-5242-2290,00:00-23:59,00:00-23:59,-
P458,강릉자연펜션,D003,강원도 강릉시 연곡면 삼산리 794-5,010-9957-2582,00:00-23:59,00:00-23:59,-
P459,강촌 뮤직 펜션,D003,강원도 춘천시 남산면 강촌리 390,010-8892-8688,00:00-23:59,00:00-23:59,-
P460,강화 로만티카애견리조트,D003,인천광역시 강화군 화도면 흥왕리 917,010-6231-6393,00:00-23:59,00:00-23:59,-
P461,강화 마니산스토리,D003,인천광역시 강화군 화도면 여차리 645-2,010-8232-8555,00:00-23:59,00:00-23:59,-
P462,강화 바다네 스파펜션,D003,인천광역시 강화군 길상면 선두리 890-15,0505-356-9622,00:00-23:59,00:00-23:59,-
P463,강화 바다이야기펜션,D003,인천광역시 강화군 삼산면 매음리 878-3,010-3129-7549,00:00-23:59,00:00-23:59,-
P464,강화 뷰나인 애견펜션,D003,인천광역시 강화군 화도면 내리 2159-15,010-9003-4515,00:00-23:59,00:00-23:59,-
P465,강화 석모도 박정아펜션,D003,인천광역시 강화군 삼산면 매음리 1046-9,032-933-4888,00:00-23:59,00:00-23:59,-
P466,강화 성지펜션,D003,인천광역시 강화군 양도면 하일리 334-1,010-3741-3181,00:00-23:59,00:00-23:59,-
P467,강화 아우라 독채펜션,D003,인천광역시 강화군 화도면 여차리 415,010-7797-1947,00:00-23:59,00:00-23:59,-
P468,강화 어나더153 애견펜션,D003,인천광역시 강화군 화도면 동막리 211-13,010-9194-4355,00:00-23:59,00:00-23:59,-
P469,강화 제임스펜션,D003,인천광역시 강화군 내가면 고천리 830-5,010-3294-8426,00:00-23:59,00:00-23:59,-
P470,강화 터 펜션,D003,인천광역시 강화군 화도면 여차리 933,010-8681-5228,00:00-23:59,00:00-23:59,-
P471,강화 팽나무 펜션,D003,인천광역시 강화군 화도면 장화리 800,0505-765-0603,00:00-23:59,00:00-23:59,-
P472,강화 풍경소리펜션,D003,인천광역시 강화군 화도면 여차리 764,010-2227-3356,00:00-23:59,00:00-23:59,-
P473,강화 하늘바다글램핑,D004,인천광역시 강화군 길상면 동검리 125-96,010-7615-7801,00:00-23:59,00:00-23:59,-
P474,강화 해마루 펜션,D003,인천광역시 강화군 화도면 여차리 910,0505-356-9601,00:00-23:59,00:00-23:59,-
P475,강화 향기정원 애견동반펜션,D003,인천광역시 강화군 화도면 여차리 473,0505-356-9552,00:00-23:59,00:00-23:59,-
P476,거제 그린휴펜션,D003,경상남도 거제시 일운면 망치리 122,010-3157-0000,00:00-23:59,00:00-23:59,-
P477,거제 도그애견펜션,D003,경상남도 거제시 일운면 망치리 9-42,010-8605-9871,00:00-23:59,00:00-23:59,-
P478,거제 락스파 키즈펜션,D003,경상남도 거제시 동부면 오송리 821-3,055-632-4840,00:00-23:59,00:00-23:59,-
P479,거제 매미성 하늘정원펜션,D003,경상남도 거제시 장목면 대금리 69-2,010-3597-3596,00:00-23:59,00:00-23:59,-
P480,거제 바닐라펜션,D003,경상남도 거제시 동부면 학동리 328-4,010-5838-3284,00:00-23:59,00:00-23:59,-
P481,거제 베일리펜션,D003,경상남도 거제시 사등면 창호리 327-3,010-4151-3373,00:00-23:59,00:00-23:59,-
P482,거제 섬마을펜션,D003,경상남도 거제시 일운면 구조라리 736,010-9239-6343,00:00-23:59,00:00-23:59,-
P483,거제 에버그린과파인트리 애견동반펜션,D003,경상남도 거제시 일운면 망치리 731-4,0505-356-9692,00:00-23:59,00:00-23:59,-
P484,거제 여우펜션,D003,경상남도 거제시 남부면 저구리 349,010-5080-0076,00:00-23:59,00:00-23:59,-
P485,거제 여울애견펜션,D003,경상남도 거제시 남부면 다포리 38-13,010-9121-3923,00:00-23:59,00:00-23:59,-
P486,거제 오션스테이펜션,D003,경상남도 거제시 거제면 외간리 636-7,010-8986-8838,00:00-23:59,00:00-23:59,-
P487,거제 외도벨리애견펜션,D003,경상남도 거제시 일운면 망치리 58,010-7599-6698,00:00-23:59,00:00-23:59,-
P488,거제 칠천도 한실펜션,D003,경상남도 거제시 하청면 대곡리 470-2,010-9909-5702,00:00-23:59,00:00-23:59,-
P489,거제 칠천도와라펜션,D003,경상남도 거제시 하청면 대곡리 46-3,010-4482-2284,00:00-23:59,00:00-23:59,-
P490,거제 푸조와곰솔 A동 애견펜션,D003,경상남도 거제시 동부면 학동리 245-1,010-6877-3092,00:00-23:59,00:00-23:59,-
P491,거제 해돋이애견펜션,D003,경상남도 거제시 장목면 송진포리 198-13,010-9632-2020,00:00-23:59,00:00-23:59,-
P492,거제비치하우스애견펜션,D003,경상남도 거제시 장목면 대금리 425-1,055-633-1124,00:00-23:59,00:00-23:59,-
P493,경주 감포 별빛한옥펜션,D003,경상북도 경주시 감포읍 감포리 139-4,010-2458-0351,00:00-23:59,00:00-23:59,-
P494,경주 감포 행복독채펜션,D003,경상북도 경주시 감포읍 나정리 301,010-8924-7373,00:00-23:59,00:00-23:59,-
P495,경주 더마린풀빌라,D003,경상북도 경주시 감포읍 오류리 300-9,010-8882-7434,00:00-23:59,00:00-23:59,-
P496,경주 런앤독스,D003,경상북도 경주시 감포읍 대본리 841-3,010-9990-2285,00:00-23:59,00:00-23:59,-
P497,경주 리얼스틸 펜션,D003,경상북도 경주시 양남면 하서리 1483,010-3878-9290,00:00-23:59,00:00-23:59,-
P498,경주 리우네키즈풀빌라,D003,경상북도 경주시 하동 744-2,010-6346-1198,00:00-23:59,00:00-23:59,-
P499,경주 미담한옥풀빌라,D003,경상북도 경주시 외동읍 신계리 788,010-5947-1557,00:00-23:59,00:00-23:59,-
P500,경주 비치힐풀빌라,D003,경상북도 경주시 감포읍 오류리 353-1,070-4610-5868,00:00-23:59,00:00-23:59,-
P501,경주 산내황금펜션,D003,경상북도 경주시 산내면 대현리 1959-28,010-2398-6866,00:00-23:59,00:00-23:59,-
P502,경주 아라뜰 한옥펜션,D003,경상북도 경주시 감포읍 감포리 140-1,010-4423-1584,00:00-23:59,00:00-23:59,-
P503,경주 오션 1527,D003,경상북도 경주시 감포읍 대본리 490-10,010-8552-1527,00:00-23:59,00:00-23:59,-
P504,경주 오아시스펜션,D003,경상북도 경주시 구정동 17-6,010-9543-0025,00:00-23:59,00:00-23:59,-
P505,경주 오푸스11 풀빌라,D003,경상북도 경주시 천북면 성지리 557-2,010-2459-7711,00:00-23:59,00:00-23:59,-
P506,경주 위클라드 애견풀빌라,D003,경상북도 경주시 외동읍 죽동리 396-13,010-8839-0703,00:00-23:59,00:00-23:59,-
P507,경주 이사금빌리지펜션,D003,경상북도 경주시 진현동 63-29,054-776-9532,00:00-23:59,00:00-23:59,-
P508,경주 참맑은아침 애견동반 펜션,D003,경상북도 경주시 하동 748-2,0505-356-9553,00:00-23:59,00:00-23:59,-
P509,경주 페리토애견펜션,D003,경상북도 경주시 하동 836-16,010-3908-7998,00:00-23:59,00:00-23:59,-
P510,경주 햇살가득애견펜션,D003,경상북도 경주시 하동 751-13,010-4009-7999,00:00-23:59,00:00-23:59,-
P511,경주 헤이미쉬풀빌라,D003,경상북도 경주시 마동 1082-261,010-2144-2272,00:00-23:59,00:00-23:59,-
P512,경주신라한옥호텔,D003,경상북도 경주시 효현동 1272,010-2630-3588,00:00-23:59,00:00-23:59,-
P513,계룡 입암펜션(구. 유쓰펜션),D003,충청남도 계룡시 두마면 입암리 422,042-551-1500,00:00-23:59,00:00-23:59,-
P514,계룡산 동학사스타펜션,D003,충청남도 공주시 반포면 학봉리 696-14,042-825-4700,00:00-23:59,00:00-23:59,-
P515,계룡산동학사펜션,D003,충청남도 공주시 반포면 학봉리 696-13,042-825-5700,00:00-23:59,00:00-23:59,-
P516,고성 1박2일펜션,D003,강원도 고성군 토성면 봉포리 166-5,033-633-2553,00:00-23:59,00:00-23:59,-
P517,고성 도토리하우스,D003,경상남도 고성군 하일면 학림리 367-2,055-672-2580,00:00-23:59,00:00-23:59,-
P518,고성 바닷가펜션,D003,강원도 고성군 죽왕면 문암진리 185-24,010-7108-6935,00:00-23:59,00:00-23:59,-
P519,고성 보니블루 애견펜션,D003,강원도 고성군 죽왕면 문암진리 253-13,010-4478-8811,00:00-23:59,00:00-23:59,-
P520,고성 설악의정원 애견펜션&카페,D003,강원도 고성군 토성면 원암리 259-4,010-4310-2804,00:00-23:59,00:00-23:59,-
P521,고성 씨엔스타 애견동반펜션,D003,강원도 고성군 죽왕면 가진리 240-11,0505-765-0640,00:00-23:59,00:00-23:59,-
P522,고성 얼음골 공원휴양지,D004,경상남도 고성군 상리면 동산리 140-1,010-2546-0874,00:00-23:59,00:00-23:59,-
P523,고성 오즈펜션,D003,강원도 고성군 죽왕면 문암진리 463-43,010-2491-1438,00:00-23:59,00:00-23:59,-
P524,고성 코무네,D003,강원도 고성군 토성면 운봉리 66-15,010-6755-3818,00:00-23:59,00:00-23:59,-
P525,고성 펜션 Go성,D003,강원도 고성군 죽왕면 문암진리 463-40,010-5193-0100,00:00-23:59,00:00-23:59,-
P526,고성 펫클라스펜션,D003,강원도 고성군 죽왕면 문암진리 259-13,010-7932-8872,00:00-23:59,00:00-23:59,-
P527,고흥 남열해돋이펜트하우스,D003,전라남도 고흥군 영남면 남열리 796,010-2817-8997,00:00-23:59,00:00-23:59,-
P528,고흥 누림펜션,D003,전라남도 고흥군 동일면 봉영리 1194-1,010-8546-0726,00:00-23:59,00:00-23:59,-
P529,공주 곰나루 애견펜션,D003,충청남도 공주시 사곡면 월가리 1021-12,041-841-9900,00:00-23:59,00:00-23:59,-
P530,공주 하얀펜션,D003,충청남도 공주시 사곡면 회학리 349,010-3146-6572,00:00-23:59,00:00-23:59,-
P531,광안리 제이스테이 펜트하우스,D003,부산광역시 수영구 광안동 200-4,010-9711-4861,00:00-23:59,00:00-23:59,-
P532,광주 트윈스펜션,D003,경기도 광주시 퇴촌면 우산리 78-5,010-3895-6034,00:00-23:59,00:00-23:59,-
P533,괴산 오테힐펜션,D003,충청북도 괴산군 괴산읍 능촌리 1064,010-6242-4855,00:00-23:59,00:00-23:59,-
P534,구례 시크릿가든,D003,전라남도 구례군 토지면 외곡리 159-4,010-4759-4674,00:00-23:59,00:00-23:59,-
P535,구례 지리산파파스펜션,D003,전라남도 구례군 토지면 외곡리 777-5,010-5682-5432,00:00-23:59,00:00-23:59,-
P536,군산 선유도리조트,D003,전라북도 군산시 옥도면 선유도리 207-2,063-471-0999,00:00-23:59,00:00-23:59,-
P537,군산 선유도리조트,D005,전라북도 군산시 옥도면 선유도리 207-2,063-471-0999,00:00-23:59,00:00-23:59,-
P538,군위 힐링펜션,D003,경상북도 군위군 부계면 남산리 739,010-7124-6994,00:00-23:59,00:00-23:59,-
P539,글램독 거제동부 풀빌라,D003,경상남도 거제시 동부면 가배리 740-19,010-8663-2597,00:00-23:59,00:00-23:59,-
P540,글램독 경주,D003,경상북도 경주시 천북면 물천리 874,010-2006-2597,00:00-23:59,00:00-23:59,-
P541,글램독 영흥도,D003,인천광역시 옹진군 영흥면 외리 6-4,010-8650-2597,00:00-23:59,00:00-23:59,-
P542,글램독 통영,D003,경상남도 통영시 광도면 용호리 144-1,010-3516-2597,00:00-23:59,00:00-23:59,-
P543,김천 오색애견펜션,D003,경상북도 김천시 남면 오봉리 708-2,010-7484-5953,00:00-23:59,00:00-23:59,-
P544,남양주 깊은산속 옹달샘펜션,D003,경기도 남양주시 수동면 외방리 257-1,031-565-0011,00:00-23:59,00:00-23:59,-
P545,남양주 더드림핑,D004,경기도 남양주시 화도읍 금남리 123,031-595-2345,00:00-23:59,00:00-23:59,-
P546,남양주 아지트261,D003,경기도 남양주시 수동면 입석리 422-4,010-4376-0735,00:00-23:59,00:00-23:59,-
P547,남원 하늘정원 빌리지,D003,전라북도 남원시 산내면 덕동리 323,010-3604-3013,00:00-23:59,00:00-23:59,-
P548,남이섬 설리조트,D003,강원도 춘천시 남산면 백양리 192-13,010-8544-3009,00:00-23:59,00:00-23:59,-
P549,남이섬 자유인의 카라반,D004,강원도 춘천시 남산면 백양리 159,010-3275-9981,00:00-23:59,00:00-23:59,-
P550,남해 모모토토펜션,D003,경상남도 남해군 남면 홍현리 426,010-9747-2686,00:00-23:59,00:00-23:59,-
P551,남해 바닷가별장펜션,D003,경상남도 남해군 이동면 신전리 956-1,055-862-1999,00:00-23:59,00:00-23:59,-
P552,남해 알함브라 스파펜션,D003,경상남도 남해군 남면 선구리 1382,0505-356-9599,00:00-23:59,00:00-23:59,-
P553,남해 팰리스1470 스파풀빌라,D003,경상남도 남해군 남면 평산리 1004,0505-356-9690,00:00-23:59,00:00-23:59,-
P554,남해독일마을 노이하우스,D003,경상남도 남해군 삼동면 물건리 1133,010-3343-4537,00:00-23:59,00:00-23:59,-
P555,논산 1박2일 펜션,D003,충청남도 논산시 연무읍 금곡리 304-7,041-742-2429,00:00-23:59,00:00-23:59,-
P556,논산 열린펜션,D003,충청남도 논산시 연무읍 마산리 704-112,010-7674-1210,00:00-23:59,00:00-23:59,-
P557,논산 예다움사랑채,D003,충청남도 논산시 벌곡면 수락리 128-2,010-7400-1321,00:00-23:59,00:00-23:59,-
P558,논산 호수와노을펜션,D003,충청남도 논산시 부적면 신풍리 257-7,010-4542-2421,00:00-23:59,00:00-23:59,-
P559,논산훈련소 우리집펜션,D003,충청남도 논산시 연무읍 황화정리 958-2,010-5008-7208,00:00-23:59,00:00-23:59,-
P560,단양 별무리펜션,D003,충청북도 단양군 가곡면 어의곡리 240,010-7310-0785,00:00-23:59,00:00-23:59,-
P561,단양 우리한옥펜션,D003,충청북도 단양군 가곡면 대대리 703,010-7310-0785,00:00-23:59,00:00-23:59,-
P562,단양 추억펜션,D003,충청북도 단양군 가곡면 가대리 1127,010-3789-7322,00:00-23:59,00:00-23:59,-
P563,단양 펜션톡,D003,충청북도 단양군 영춘면 남천리 114-1,010-3910-7487,00:00-23:59,00:00-23:59,-
P564,대부도 미림펜션 (본관),D003,인천광역시 옹진군 영흥면 내리 1562-2,010-8450-3379,00:00-23:59,00:00-23:59,-
P565,대부도 미림펜션 (신관),D003,인천광역시 옹진군 영흥면 내리 1562-2,010-8450-3379,00:00-23:59,00:00-23:59,-
P566,대부도 프린스,D003,경기도 안산시 단원구 선감동 708,070-8842-5607,00:00-23:59,00:00-23:59,-
P567,대성리 그린몽키펜션,D003,경기도 가평군 청평면 대성리 402-3,010-2825-4685,00:00-23:59,00:00-23:59,-
P568,대천 골든비치 펜션,D005,충청남도 보령시 신흑동 1821,041-931-3232,00:00-23:59,00:00-23:59,-
P569,대천 라온펜션,D003,충청남도 보령시 신흑동 2304-1,041-934-5076,00:00-23:59,00:00-23:59,-
P570,대천 르네상스펜션스테이,D003,충청남도 보령시 신흑동 2006,010-8784-9966,00:00-23:59,00:00-23:59,-
P571,대천 예쁜펜션,D003,충청남도 보령시 신흑동 2303-7,010-7532-6500,00:00-23:59,00:00-23:59,-
P572,덕적도 365 아일랜드 펜션,D003,인천광역시 옹진군 덕적면 서포리 377,010-5332-1164,00:00-23:59,00:00-23:59,-
P573,동해 동해를그리다 펜션,D003,강원도 동해시 대진동 187,010-5406-2209,00:00-23:59,00:00-23:59,-
P574,동해 망상파란펜션,D003,강원도 동해시 망상동 362-4,010-9895-0790,00:00-23:59,00:00-23:59,-
P575,동해 망상펜션,D003,강원도 동해시 망상동 390-8,010-6893-4555,00:00-23:59,00:00-23:59,-
P576,동해 스타비치펜션,D003,강원도 동해시 망상동 363-1,010-6368-3772,00:00-23:59,00:00-23:59,-
P577,동해 알로하펜션,D003,강원도 동해시 망상동 380,010-3259-3077,00:00-23:59,00:00-23:59,-
P578,동해 하루 펜션,D003,강원도 동해시 어달동 64,0505-679-2914,00:00-23:59,00:00-23:59,-
P579,동해 황토흙펜션 꿈의대화,D003,강원도 동해시 만우동 295-1,010-8878-0359,00:00-23:59,00:00-23:59,-
P580,무주 그랜드펜션,D003,전라북도 무주군 설천면 삼공리 530-12,010-4449-1023,00:00-23:59,00:00-23:59,-
P581,무주 빨간지붕펜션,D003,전라북도 무주군 설천면 심곡리 661-2,010-8241-0808,00:00-23:59,00:00-23:59,-
P582,무주 산새소리펜션,D003,전라북도 무주군 설천면 삼공리 530-5,063-324-2050,00:00-23:59,00:00-23:59,-
P583,무주 잉카 애견펜션,D003,전라북도 무주군 적상면 괴목리 1515-6,063-324-0716,00:00-23:59,00:00-23:59,-
P584,무주아이리스펜션,D003,전라북도 무주군 설천면 삼공리 733-1,010-3751-7897,00:00-23:59,00:00-23:59,-
P585,문경 여우펜션,D003,경상북도 문경시 문경읍 중평리 332-1,054-571-0669,00:00-23:59,00:00-23:59,-
P586,밀양 로그펜션,D003,경상남도 밀양시 산외면 희곡리 972-8,010-4825-3674,00:00-23:59,00:00-23:59,-
P587,바다향기애애견펜션,D003,충청남도 태안군 안면읍 황도리 59-21,010-6220-9740,00:00-23:59,00:00-23:59,-
P588,백담새소리펜션,D003,강원도 인제군 북면 용대리 1076,010-4087-7738,00:00-23:59,00:00-23:59,-
P589,보령 레인보우풀빌라펜션,D003,충청남도 보령시 웅천읍 독산리 674-5,010-3379-3738,00:00-23:59,00:00-23:59,-
P590,보은 크로바펜션,D003,충청북도 보은군 산외면 이식리 산 43-9,010-3891-0100,00:00-23:59,00:00-23:59,-
P591,부산 반딧불이펜션,D003,부산광역시 기장군 장안읍 기룡리 675,051-727-7105,00:00-23:59,00:00-23:59,-
P592,부산 포레스트펜션,D003,부산광역시 해운대구 송정동 203-6,010-9981-5144,00:00-23:59,00:00-23:59,-
P593,부산 해운대영무파라드호텔,D005,부산광역시 해운대구 중동 1124-8,051-743-0003,00:00-23:59,00:00-23:59,-
P594,부안 석란정펜션,D003,전라북도 부안군 진서면 석포리 306-2,063-582-9781,00:00-23:59,00:00-23:59,-
P595,산청 럭셔리 글램핑W,D004,경상남도 산청군 산청읍 내리 741,055-974-3642,00:00-23:59,00:00-23:59,-
P596,산청 펫 글램핑,D004,경상남도 산청군 금서면 자혜리 443,055-972-1564,00:00-23:59,00:00-23:59,-
P597,삼척 그린향 펜션,D003,강원도 삼척시 근덕면 용화리 136,0505-765-0457,00:00-23:59,00:00-23:59,-
P598,삼척 바다소나무,D003,강원도 삼척시 근덕면 하맹방리 175,033-573-8411,00:00-23:59,00:00-23:59,-
P599,삼척 정원가든 펜션,D003,강원도 삼척시 근덕면 용화리 403,0505-679-2926,00:00-23:59,00:00-23:59,-
P600,삼척 힐링캠프 펜션,D003,강원도 삼척시 근덕면 용화리 169,0505-356-9606,00:00-23:59,00:00-23:59,-
P601,서귀포 늘바다 애견동반펜션,D003,제주특별자치도 서귀포시 안덕면 창천리 705-7,0505-765-0609,00:00-23:59,00:00-23:59,-
P602,서귀포 다와풀빌라 애견동반펜션,D003,제주특별자치도 서귀포시 안덕면 창천리,0505-765-0697,00:00-23:59,00:00-23:59,-
P603,서귀포 리빙스톤 펜션,D003,제주특별자치도 서귀포시 법환동 1029,010-5225-0402,00:00-23:59,00:00-23:59,-
P604,서귀포 마녀의언덕,D003,제주특별자치도 서귀포시 하예동 701-3,010-8276-4496,00:00-23:59,00:00-23:59,-
P605,서귀포 비울채울 펜션,D003,제주특별자치도 서귀포시 보목동 1569,064-732-0388,00:00-23:59,00:00-23:59,-
P606,서귀포 숲섬민박,D003,제주특별자치도 서귀포시 보목동 1174-14,010-3696-5040,00:00-23:59,00:00-23:59,-
P607,서귀포 예이츠 산장,D003,제주특별자치도 서귀포시 남원읍 하례리 1876-1,064-767-3746,00:00-23:59,00:00-23:59,-
P608,서귀포 웨스티하우스펜션,D003,제주특별자치도 서귀포시 안덕면 감산리 210-5,064-792-2933,00:00-23:59,00:00-23:59,-
P609,서귀포 중문빌리지,D003,제주특별자치도 서귀포시 하예동 141,064-738-3151,00:00-23:59,00:00-23:59,-
P610,서귀포 채우리네펜션,D003,제주특별자치도 서귀포시 토평동 610-9,010-9321-5380,00:00-23:59,00:00-23:59,-
P611,서울 북한산글램핑&카라반,D004,서울특별시 은평구 진관동 330-14,010-7652-0734,00:00-23:59,00:00-23:59,-
P612,서천 라온펠리스펜션,D003,충청남도 서천군 서면 도둔리 477,010-4123-1139,00:00-23:59,00:00-23:59,-
P613,서천 해양글램핑,D004,충청남도 서천군 서면 마량리 90-3,010-6360-5745,00:00-23:59,00:00-23:59,-
P614,선재도 아리랑힐호텔&리조트,D003,인천광역시 옹진군 영흥면 선재리 642-2,선재도 아리랑힐호텔&리조트,00:00-23:59,00:00-23:59,-
P615,선재도 종이학펜션,D003,인천광역시 옹진군 영흥면 선재리 487-21,032-889-5577,00:00-23:59,00:00-23:59,-
P616,성주 그린나래 펜션,D003,경상북도 성주군 가천면 용사리 618,010-4444-4329,00:00-23:59,00:00-23:59,-
P617,속초 EST펜션,D003,강원도 속초시 영랑동 147-3,033-633-2345,00:00-23:59,00:00-23:59,-
P618,속초 쏠라리움 가시버시 펜션,D003,강원도 속초시 조양동 1463-36,010-4655-4936,00:00-23:59,00:00-23:59,-
P619,속초애견펜션 양양해피플레이스,D003,강원도 양양군 강현면 중복리 109-2,010-2750-2749,00:00-23:59,00:00-23:59,-
P620,순천 라온하우스애견펜션,D003,전라남도 순천시 왕지동 14-1,010-9614-7188,00:00-23:59,00:00-23:59,-
P621,순천만 뉴빌리지펜션,D003,전라남도 순천시 대대동 89-47,010-2888-0880,00:00-23:59,00:00-23:59,-
P622,순천만 로맨스펜션,D003,전라남도 순천시 대대동 88-24,061-745-8000,00:00-23:59,00:00-23:59,-
P623,순천만 스테이배펜션,D003,전라남도 순천시 대대동 597-3,010-4126-9060,00:00-23:59,00:00-23:59,-
P624,순천만 예랑펜션,D003,전라남도 순천시 해룡면 선학리 504,010-9467-3624,00:00-23:59,00:00-23:59,-
P625,순천만 행복한하루펜션,D003,전라남도 순천시 대대동 595-4,061-742-5002,00:00-23:59,00:00-23:59,-
P626,안동 도그락애견펜션,D003,경상북도 안동시 서후면 금계리 672,054-853-0709,00:00-23:59,00:00-23:59,-
P627,안동 하회로 가는 펜션,D003,경상북도 안동시 풍산읍 소산리 45-5,010-5388-6954,00:00-23:59,00:00-23:59,-
P628,안동 해적선펜션,D003,경상북도 안동시 정상동 556-1,010-2710-3555,00:00-23:59,00:00-23:59,-
P629,안동 해적선펜션,D004,경상북도 안동시 정상동 556-1,010-2710-3555,00:00-23:59,00:00-23:59,-
P630,안동 힐링 팜,D003,경상북도 안동시 도산면 운곡리 54,010-9916-2016,00:00-23:59,00:00-23:59,-
P631,안면도 꽃지메모리애견독채펜션,D003,충청남도 태안군 안면읍 승언리 3201,010-8470-5592,00:00-23:59,00:00-23:59,-
P632,안면도 꽃지바다이야기펜션,D003,충청남도 태안군 안면읍 승언리 211,010-2782-4380,00:00-23:59,00:00-23:59,-
P633,안면도 꽃지통나무애견펜션,D003,충청남도 태안군 안면읍 승언리 249-64,010-7612-2571,00:00-23:59,00:00-23:59,-
P634,안면도 꽃지해송펜션,D003,충청남도 태안군 안면읍 승언리 173-5,010-3265-4250,00:00-23:59,00:00-23:59,-
P635,안면도 더마루애견펜션,D003,충청남도 태안군 안면읍 창기리 1236-4,010-9411-2447,00:00-23:59,00:00-23:59,-
P636,안면도 도담도담 펜션,D003,충청남도 태안군 안면읍 창기리 1362-9,010-5155-6501,00:00-23:59,00:00-23:59,-
P637,안면도 로그하우스펜션,D003,충청남도 태안군 안면읍 황도리 8-34,010-3207-6798,00:00-23:59,00:00-23:59,-
P638,안면도 바다정원 애견동반펜션,D003,충청남도 태안군 안면읍 승언리 339-295,010-9031-3142,00:00-23:59,00:00-23:59,-
P639,안면도 브루나이펜션,D003,충청남도 태안군 안면읍 승언리 339-142,010-2332-7366,00:00-23:59,00:00-23:59,-
P640,안면도 비치하우스,D003,충청남도 태안군 안면읍 승언리 3098,041-673-9250,00:00-23:59,00:00-23:59,-
P641,안면도 서쪽하늘펜션,D003,충청남도 태안군 안면읍 창기리 292-66,010-5942-9911,00:00-23:59,00:00-23:59,-
P642,안면도 송죽가헌,D003,충청남도 태안군 안면읍 승언리 112,041-673-6631,00:00-23:59,00:00-23:59,-
P643,안면도 시골똥개애견펜션,D003,충청남도 태안군 안면읍 승언리 339-182,010-7907-5953,00:00-23:59,00:00-23:59,-
P644,안면도 써니의펜션스토리,D003,충청남도 태안군 안면읍 승언리 1341-8,010-5813-9875,00:00-23:59,00:00-23:59,-
P645,안면도 썬샤인애견펜션,D003,충청남도 태안군 안면읍 승언리 1906-1,010-2933-5828,00:00-23:59,00:00-23:59,-
P646,안면도 언제나맑음펜션,D003,충청남도 태안군 안면읍 창기리 277-15,010-5228-2378,00:00-23:59,00:00-23:59,-
P647,안면도 퍼피21애견펜션,D003,충청남도 태안군 안면읍 창기리 1260-31,010-5383-1812,00:00-23:59,00:00-23:59,-
P648,안면도 퍼피랜드 애견펜션,D003,충청남도 태안군 안면읍 승언리 1962,010-4358-6023,00:00-23:59,00:00-23:59,-
P649,안면도 프리독애견펜션,D003,충청남도 태안군 안면읍 승언리 1959-9,010-9298-3664,00:00-23:59,00:00-23:59,-
P650,안산 부엉이펜션,D003,경기도 안산시 단원구 대부남동 3-108,010-9082-3363,00:00-23:59,00:00-23:59,-
P651,안산 천둥소리,D003,경기도 안산시 단원구 선감동 696-2,010-8325-5583,00:00-23:59,00:00-23:59,-
P652,양산 배내피트펜션,D003,경상남도 양산시 원동면 대리 443,010-4560-3933,00:00-23:59,00:00-23:59,-
P653,양양 그랑블루글램핑,D004,강원도 양양군 강현면 용호리 120-1,010-9482-3108,00:00-23:59,00:00-23:59,-
P654,양양 그린피아펜션,D003,강원도 양양군 양양읍 월리 371-5,010-3610-3774,00:00-23:59,00:00-23:59,-
P655,양양 낙산 월드하우스,D003,강원도 양양군 강현면 주청리 7-18,033-672-2892,00:00-23:59,00:00-23:59,-
P656,양양 더퍼피즈블루오션,D003,강원도 양양군 강현면 정암리 17-1,010-4278-8987,00:00-23:59,00:00-23:59,-
P657,양양 딜라이트 펜션,D003,강원도 양양군 손양면 동호리 85-7,010-9852-3356,00:00-23:59,00:00-23:59,-
P658,양양 바람불이펜션,D003,강원도 양양군 서면 오색리 391-3,033-672-4458,00:00-23:59,00:00-23:59,-
P659,양양 발렌타인애견펜션,D003,강원도 양양군 손양면 상왕도리 742,010-8131-0131,00:00-23:59,00:00-23:59,-
P660,양양 보노펜션,D003,강원도 양양군 손양면 동호리 1-53,010-9015-5209,00:00-23:59,00:00-23:59,-
P661,양양 빈티지하우스애견펜션,D003,강원도 양양군 손양면 수산리 70,010-9062-2315,00:00-23:59,00:00-23:59,-
P662,양양 서퍼스파라다이스 STAY,D003,강원도 양양군 현남면 인구리 631-4,010-9212-3096,00:00-23:59,00:00-23:59,-
P663,양양 숲속의집 애견동반펜션,D003,강원도 양양군 현북면 어성전리 58,033-673-9597,00:00-23:59,00:00-23:59,-
P664,양양 슬로우스테이 펜션,D003,강원도 양양군 현남면 북분리 342-1,0505-765-0613,00:00-23:59,00:00-23:59,-
P665,양양 아쇼카펜션,D003,강원도 양양군 손양면 동호리 1-26,010-8322-6495,00:00-23:59,00:00-23:59,-
P666,양양 일마레,D003,강원도 양양군 양양읍 월리 371-12,010-4949-1370,00:00-23:59,00:00-23:59,-
P667,양양 자연과우리 펜션,D003,강원도 양양군 현북면 어성전리 815,010-6681-7326,00:00-23:59,00:00-23:59,-
P668,양양 풀빛둥지펜션,D003,강원도 양양군 현북면 장리 165-21,033-673-7747,00:00-23:59,00:00-23:59,-
P669,양양 해뜨는창문 애견동반 펜션,D003,강원도 양양군 강현면 정암리 149-7,0505-765-0680,00:00-23:59,00:00-23:59,-
P670,양양 해변펜션,D003,강원도 양양군 강현면 전진리 64-1,010-5015-3968,00:00-23:59,00:00-23:59,-
P671,양양 해오름 펜션,D003,강원도 양양군 현남면 남애리 180-13,010-5362-6606,00:00-23:59,00:00-23:59,-
P672,양양 해피빌 독채펜션,D003,강원도 양양군 손양면 가평리 55,010-9846-3322,00:00-23:59,00:00-23:59,-
P673,양평 꽃씨뿌리는마음,D003,경기도 양평군 단월면 부안리 15,010-6600-6376,00:00-23:59,00:00-23:59,-
P674,양평 님프의정원,D003,경기도 양평군 양서면 대심리 130,010-7568-4003,00:00-23:59,00:00-23:59,-
P675,양평 또오개애견펜션,D003,경기도 양평군 청운면 갈운리 1241,031-773-5424,00:00-23:59,00:00-23:59,-
P676,양평 로그캠프펜션,D003,경기도 양평군 용문면 연수리 41-2,031-774-5772,00:00-23:59,00:00-23:59,-
P677,양평 밸런스독펜션,D003,경기도 양평군 지평면 망미리 900,010-9821-0306,00:00-23:59,00:00-23:59,-
P678,양평 산들바람펜션,D003,경기도 양평군 청운면 비룡리 743-2,02-2294-9516,00:00-23:59,00:00-23:59,-
P679,양평 소호펜션,D003,경기도 양평군 단월면 부안리 53,010-9274-1890,00:00-23:59,00:00-23:59,-
P680,양평 수다락펜션,D003,경기도 양평군 단월면 산음리 971,010-3753-2501,00:00-23:59,00:00-23:59,-
P681,양평 퐁당계곡펜션,D003,경기도 양평군 용문면 중원리 96,010-3365-0109,00:00-23:59,00:00-23:59,-
P682,여수 가즈아풀빌라,D003,전라남도 여수시 돌산읍 평사리 1395-84,061-642-3399,00:00-23:59,00:00-23:59,-
P683,여수 그린하우스 펜션,D003,전라남도 여수시 화양면 이천리 208-10,0505-356-9558,00:00-23:59,00:00-23:59,-
P684,여수 꿈에그린 애견동반펜션,D003,전라남도 여수시 돌산읍 평사리 986-17,0505-679-2984,00:00-23:59,00:00-23:59,-
P685,여수 느낌 펜션,D003,전라남도 여수시 돌산읍 평사리 1253-11,010-4768-9268,00:00-23:59,00:00-23:59,-
P686,여수 더포근펜션,D003,전라남도 여수시 돌산읍 율림리 75,010-7234-6684,00:00-23:59,00:00-23:59,-
P687,여수 물음표펜션,D003,전라남도 여수시 화양면 이천리 689-1,010-9429-6255,00:00-23:59,00:00-23:59,-
P688,여수 복자 스파펜션,D003,전라남도 여수시 돌산읍 평사리 1006-9,0505-356-9614,00:00-23:59,00:00-23:59,-
P689,여수 빌리지피어 펜션,D003,전라남도 여수시 돌산읍 평사리 320-8,010-8777-1449,00:00-23:59,00:00-23:59,-
P690,여수 안단테 스파펜션,D003,전라남도 여수시 돌산읍 평사리 1006-13,0505-765-0610,00:00-23:59,00:00-23:59,-
P691,여수 자연속으로 애견동반펜션,D003,전라남도 여수시 돌산읍 평사리 955-8,0505-356-9677,00:00-23:59,00:00-23:59,-
P692,여수 쥬얼리 펜션,D003,전라남도 여수시 돌산읍 평사리 1385-4,0505-765-0698,00:00-23:59,00:00-23:59,-
P693,여주 예터펜션&웨딩,D003,경기도 여주시 점동면 당진리 7-3,010-5217-1572,00:00-23:59,00:00-23:59,-
P694,연천 더블스테이 또또멍애견펜션,D003,경기도 연천군 미산면 아미리 145-81,010-8561-0990,00:00-23:59,00:00-23:59,-
P695,연천 더블스테이 키즈풀빌라 연천1호점,D003,경기도 연천군 미산면 아미리 145-39,0505-765-0495,00:00-23:59,00:00-23:59,-
P696,연천 선바위 펜션,D003,경기도 연천군 전곡읍 은대리 680-69,031-832-3795,00:00-23:59,00:00-23:59,-
P697,영덕 더원애견펜션,D003,경상북도 영덕군 남정면 구계리 254-5,010-7556-9231,00:00-23:59,00:00-23:59,-
P698,영덕 여명펜션,D003,경상북도 영덕군 강구면 금진리 62-1,070-4100-6700,00:00-23:59,00:00-23:59,-
P699,영월 한마음펜션,D003,강원도 영월군 영월읍 삼옥리 70,033-375-2500,00:00-23:59,00:00-23:59,-
P700,영종도 블루오션펜션,D003,인천광역시 중구 중산동 1946-18,032-752-9958,00:00-23:59,00:00-23:59,-
P701,영주 산수방펜션,D003,경상북도 영주시 풍기읍 욱금리 132-5,010-2515-2665,00:00-23:59,00:00-23:59,-
P702,영주 행복한 펜션,D003,경상북도 영주시 풍기읍 욱금리 131-1,054-636-4914,00:00-23:59,00:00-23:59,-
P703,영흥도 노을앤바다,D003,인천광역시 옹진군 영흥면 내리 1329-30,010-9048-1790,00:00-23:59,00:00-23:59,-
P704,영흥도 라르고 애견동반펜션,D003,인천광역시 옹진군 영흥면 내리 1542-21,010-9228-3804,00:00-23:59,00:00-23:59,-
P705,영흥도 로마스파 애견동반 펜션,D003,인천광역시 옹진군 영흥면 선재리 549-29,0505-765-0475,00:00-23:59,00:00-23:59,-
P706,옹진 바다뜰 펜션,D003,인천광역시 옹진군 영흥면 내리 1661-36,032-886-3340,00:00-23:59,00:00-23:59,-
P707,옹진 펜션바다풍경,D003,인천광역시 옹진군 북도면 장봉리 144-5,010-6766-0478,00:00-23:59,00:00-23:59,-
P708,완도 리베라펜션,D003,전라남도 완도군 신지면 신리 530-18,061-554-4445,00:00-23:59,00:00-23:59,-
P709,완주 들꽃펜션,D003,전라북도 완주군 운주면 산북리 405,010-7338-3336,00:00-23:59,00:00-23:59,-
P710,용인 골드펫리조트,D004,경기도 용인시 기흥구 고매동 5-73,031-286-9111,00:00-23:59,00:00-23:59,-
P711,용인 로드47펜션,D003,경기도 용인시 처인구 양지면 평창리 681-30,010-3524-6800,00:00-23:59,00:00-23:59,-
P712,울릉도 울릉향기펜션,D003,경상북도 울릉군 울릉읍 사동리 660-4,010-5419-5446,00:00-23:59,00:00-23:59,-
P713,울릉도 일등펜션,D003,경상북도 울릉군 울릉읍 사동리 498-12,010-6444-1882,00:00-23:59,00:00-23:59,-
P714,울산 간절곶 등대펜션,D003,울산광역시 울주군 서생면 나사리 458-6,052-238-1930,00:00-23:59,00:00-23:59,-
P715,울진 207마일펜션,D003,경상북도 울진군 기성면 망양리 3,010-3484-7739,00:00-23:59,00:00-23:59,-
P716,울진 바다의왕자펜션,D003,경상북도 울진군 죽변면 봉평리 259-1,054-781-7004,00:00-23:59,00:00-23:59,-
P717,울진 해맞이펜션,D003,경상북도 울진군 근남면 산포리 593,054-781-3213,00:00-23:59,00:00-23:59,-
P718,원주 간현산내들펜션,D003,강원도 원주시 지정면 간현리 1102-20,010-6722-5649,00:00-23:59,00:00-23:59,-
P719,원주 추억만들기펜션,D003,강원도 원주시 신림면 황둔리 1621-2,010-8983-7943,00:00-23:59,00:00-23:59,-
P720,인제 냇강마을산촌황토 펜션,D003,강원도 인제군 북면 월학리 1213,033-462-5377,00:00-23:59,00:00-23:59,-
P721,인제 마의태자용소마을펜션,D003,강원도 인제군 상남면 상남리 57-8,033-461-0228,00:00-23:59,00:00-23:59,-
P722,인천 비치힐뷰하우스 펜션,D003,인천광역시 중구 을왕동 762-13,010-7667-0030,00:00-23:59,00:00-23:59,-
P723,인천 어울림펜션,D003,인천광역시 중구 을왕동 783-3,032-747-0170,00:00-23:59,00:00-23:59,-
P724,인천 에버뷰 펜션,D003,인천광역시 중구 을왕동 762-100,010-3601-6265,00:00-23:59,00:00-23:59,-
P725,임실 달빛이 머무는 펜션,D003,전라북도 임실군 운암면 운정리 220-71,063-222-6276,00:00-23:59,00:00-23:59,-
P726,장성 달돋이 한옥스테이,D003,전라남도 장성군 북이면 조양리 90,061-393-8855,00:00-23:59,00:00-23:59,-
P727,정온펜션,D003,경기도 광주시 퇴촌면 관음리 275-2,010-2679-8199,00:00-23:59,00:00-23:59,-
P728,정읍 나의살던고향은,D003,전라북도 정읍시 입암면 단곡리 201-1,063-534-9616,00:00-23:59,00:00-23:59,-
P729,제부도 더멍 102 펜션,D003,경기도 화성시 서신면 제부리 40-8,010-4904-6419,00:00-23:59,00:00-23:59,-
P730,제부도 해돋이펜션,D003,경기도 화성시 서신면 제부리 32-15,031-357-3278,00:00-23:59,00:00-23:59,-
P731,제주 369펜션,D003,제주특별자치도 제주시 조천읍 와흘리 243,010-6617-3443,00:00-23:59,00:00-23:59,-
P732,제주 UFO펜션,D003,제주특별자치도 제주시 애월읍 구엄리 505,064-744-0600,00:00-23:59,00:00-23:59,-
P733,제주 그림 그리는 펜션,D003,제주특별자치도 서귀포시 성산읍 수산리 3342-6,010-9285-5552,00:00-23:59,00:00-23:59,-
P734,제주 더 포레스트,D003,제주특별자치도 제주시 애월읍 소길리 952-9,010-7743-6546,00:00-23:59,00:00-23:59,-
P735,제주 바람이분다,D003,제주특별자치도 제주시 구좌읍 월정리 305,010-5755-9279,00:00-23:59,00:00-23:59,-
P736,제주 씨앤스타펜션,D003,제주특별자치도 제주시 애월읍 애월리 1991-1,064-799-9747,00:00-23:59,00:00-23:59,-
P737,제천 월악산 참조은펜션,D003,충청북도 제천시 한수면 송계리 671,043-653-3621,00:00-23:59,00:00-23:59,-
P738,제천 프레임 펜션,D003,충청북도 제천시 청풍면 도화리 182-4,010-2933-8242,00:00-23:59,00:00-23:59,-
P739,진도 브라운돔하우스,D003,전라남도 진도군 임회면 사령리 472,055-747-3739,00:00-23:59,00:00-23:59,-
P740,진도 브라운돔하우스,D004,전라남도 진도군 임회면 사령리 472,055-747-3739,00:00-23:59,00:00-23:59,-
P741,진안 레이크펜션,D003,전라북도 진안군 백운면 노촌리 산 153-7,010-9131-8879,00:00-23:59,00:00-23:59,-
P742,철원 별비내리는마을펜션,D003,강원도 철원군 갈말읍 상사리 535,010-4177-3489,00:00-23:59,00:00-23:59,-
P743,철원 아름다운 펜션,D003,강원도 철원군 김화읍 학사리 301-22,010-8465-8204,00:00-23:59,00:00-23:59,-
P744,철원 케렌시아 펜션,D003,강원도 철원군 동송읍 장흥리 54-14,033-456-0303,00:00-23:59,00:00-23:59,-
P745,청도 루지펜션,D003,경상북도 청도군 화양읍 삼신리 1130-4,010-7439-2400,00:00-23:59,00:00-23:59,-
P746,청도 멀베리펜션,D003,경상북도 청도군 각남면 녹명리 47,010-7588-5001,00:00-23:59,00:00-23:59,-
P747,청도 지성휴펜션,D003,경상북도 청도군 풍각면 수월리 132-3,054-372-3009,00:00-23:59,00:00-23:59,-
P748,춘천 도그앤스테이,D003,강원도 춘천시 남산면 방곡리 317-3,010-5482-1922,00:00-23:59,00:00-23:59,-
P749,춘천 별님달님계곡펜션,D003,강원도 춘천시 사북면 지암리 509,010-5772-6026,00:00-23:59,00:00-23:59,-
P750,춘천 비샵 애견동반펜션,D003,강원도 춘천시 남산면 백양리 108-10,0505-356-9522,00:00-23:59,00:00-23:59,-
P751,춘천 쏠리오 풀빌라,D003,강원도 춘천시 남산면 서천리 319,010-8472-7800,00:00-23:59,00:00-23:59,-
P752,춘천 잠빌 펜션,D003,강원도 춘천시 남산면 방곡리 281-1,010-7630-2630,00:00-23:59,00:00-23:59,-
P753,춘천 해피리버,D003,강원도 춘천시 남산면 산수리 455-4,010-2932-2766,00:00-23:59,00:00-23:59,-
P754,춘천빌리빙 캠핑장,D004,강원도 춘천시 사북면 지암리 52,010-8747-6416,00:00-23:59,00:00-23:59,-
P755,충주 달두루펜션,D003,충청북도 충주시 수안보면 사문리 302,010-5482-7343,00:00-23:59,00:00-23:59,-
P756,충주 펫트리파크,D004,충청북도 충주시 앙성면 지당리 395-2,010-3066-5353,00:00-23:59,00:00-23:59,-
P757,태안 갯여울펜션,D003,충청남도 태안군 고남면 고남리 395-7,041-673-1433,00:00-23:59,00:00-23:59,-
P758,태안 나무향기펜션 애견 가족 단체,D003,충청남도 태안군 태안읍 반곡리 1113-1,010-2628-9537,00:00-23:59,00:00-23:59,-
P759,태안 데네브펜션,D003,충청남도 태안군 남면 몽산리 249-9,010-7709-0167,00:00-23:59,00:00-23:59,-
P760,태안 뜨락펜션,D003,충청남도 태안군 고남면 고남리 1334,010-4492-4495,00:00-23:59,00:00-23:59,-
P761,태안 라루나키즈풀빌라,D003,충청남도 태안군 남면 신온리 652-50,010-8542-8252,00:00-23:59,00:00-23:59,-
P762,태안 모켄풀빌라,D003,충청남도 태안군 남면 신온리 652-280,010-9293-4275,00:00-23:59,00:00-23:59,-
P763,태안 신두리정원글램핑,D004,충청남도 태안군 원북면 신두리 1210-158,010-6766-9468,00:00-23:59,00:00-23:59,-
P764,태안 홍이장군펜션,D003,충청남도 태안군 남면 양잠리 1098-15,010-4870-9947,00:00-23:59,00:00-23:59,-
P765,통영 1박2일펜션,D003,경상남도 통영시 산양읍 영운리 8-7,055-649-8000,00:00-23:59,00:00-23:59,-
P766,통영 씨러브바다별장 펜션,D003,경상남도 통영시 항남동 138-12,010-8913-3660,00:00-23:59,00:00-23:59,-
P767,통영 예향펜션,D003,경상남도 통영시 산양읍 신전리 28,010-7105-0716,00:00-23:59,00:00-23:59,-
P768,통영 욕지도펜션리조트,D003,경상남도 통영시 욕지면 서산리 343-25,010-5022-3360,00:00-23:59,00:00-23:59,-
P769,통영 친구펜션,D003,경상남도 통영시 산양읍 미남리 134-7,010-6359-6346,00:00-23:59,00:00-23:59,-
P770,통영 흙내음 글램핑,D004,경상남도 통영시 도산면 원산리 156-1,055-645-7976,00:00-23:59,00:00-23:59,-
P771,파주 오블라디 풀빌라,D003,경기도 파주시 문산읍 내포리 391-1,031-954-1836,00:00-23:59,00:00-23:59,-
P772,파주 풀빌라 워라벨,D003,경기도 파주시 탄현면 낙하리 269-1,010-7907-5516,00:00-23:59,00:00-23:59,-
P773,파주 프로방스하우스,D003,경기도 파주시 상지석동 554-212,010-2363-3884,00:00-23:59,00:00-23:59,-
P774,평창 가을동화펜션,D003,강원도 평창군 봉평면 흥정리 285-3,010-5213-3200,00:00-23:59,00:00-23:59,-
P775,평창 나대관령왔어펜션,D003,강원도 평창군 대관령면 용산리 266-13,033-335-9575,00:00-23:59,00:00-23:59,-
P776,평창 밸마운트펜션,D003,강원도 평창군 봉평면 무이리 358-3,033-333-9696,00:00-23:59,00:00-23:59,-
P777,평창 북극곰야영장,D004,강원도 평창군 봉평면 흥정리 312-2,033-333-2019,00:00-23:59,00:00-23:59,-
P778,평창 솔숲펜션,D003,강원도 평창군 용평면 속사리 485,070-4201-1982,00:00-23:59,00:00-23:59,-
P779,평창 스토리애견펜션,D003,강원도 평창군 봉평면 면온리 697-30,010-2658-9227,00:00-23:59,00:00-23:59,-
P780,평창 아침에새소리펜션,D003,강원도 평창군 봉평면 무이리 288-1,033-332-9668,00:00-23:59,00:00-23:59,-
P781,평창 황토구들마을,D003,강원도 평창군 용평면 백옥포리 97-1,033-334-7442,00:00-23:59,00:00-23:59,-
P782,평창 힐링스테이,D003,강원도 평창군 평창읍 종부리 11,010-4143-7550,00:00-23:59,00:00-23:59,-
P783,평창 힐링하시개 애견펜션,D003,강원도 평창군 봉평면 무이리 1116-1,010-5226-2506,00:00-23:59,00:00-23:59,-
P784,평택 고요 펜션,D003,경기도 평택시 현덕면 권관리 612-2,010-2325-0967,00:00-23:59,00:00-23:59,-
P785,포천 노을애견펜션,D003,경기도 포천시 이동면 장암리 636-10,010-5355-5900,00:00-23:59,00:00-23:59,-
P786,포천 블루펫글램핑,D004,경기도 포천시 화현면 명덕리 188,010-2495-8005,00:00-23:59,00:00-23:59,-
P787,포천 빈센트펜션,D003,경기도 포천시 일동면 기산리 2-18,010-7435-4049,00:00-23:59,00:00-23:59,-
P788,포천 산울터애견동반펜션,D003,경기도 포천시 이동면 장암리 14,010-5227-1803,00:00-23:59,00:00-23:59,-
P789,포천 위크온 글램핑,D004,경기도 포천시 이동면 장암리 50,010-9850-3433,00:00-23:59,00:00-23:59,-
P790,포항 그랑 모던 풀빌라,D003,경상북도 포항시 남구 오천읍 항사리 88-1,010-5488-0059,00:00-23:59,00:00-23:59,-
P791,포항 발리오레 패밀리,D003,경상북도 포항시 남구 호미곶면 구만리 588,010-9700-8254,00:00-23:59,00:00-23:59,-
P792,포항 클라우드 나인,D003,경상북도 포항시 북구 청하면 청진리 232,010-3770-9651,00:00-23:59,00:00-23:59,-
P793,해남 땅끝마을 휘겔리펜션,D003,전라남도 해남군 삼산면 상가리 746-2,010-7544-7727,00:00-23:59,00:00-23:59,-
P794,홍천 너나우리 애견동반펜션,D003,강원도 홍천군 서면 중방대리 183-8,010-8994-0316,00:00-23:59,00:00-23:59,-
P795,홍천 노루목홍천강펜션,D003,강원도 홍천군 북방면 장항리 98-4,033-435-9030,00:00-23:59,00:00-23:59,-
P796,홍천 메이슨독채별장펜션,D003,강원도 홍천군 서면 팔봉리 1014-5,010-3088-5174,00:00-23:59,00:00-23:59,-
P797,홍천 모두 펜션,D003,강원도 홍천군 북방면 노일리 824-2,010-9872-7129,00:00-23:59,00:00-23:59,-
P798,홍천 어린왕자펜션,D003,강원도 홍천군 화촌면 구성포리 1108,010-2577-4982,00:00-23:59,00:00-23:59,-
P799,화성 별빛사랑채펜션,D003,경기도 화성시 송산면 고포리 800-1,031-357-0447,00:00-23:59,00:00-23:59,-
P800,화성 자연사랑펜션,D003,경기도 화성시 송산면 고포리 800-13,010-8989-3803,00:00-23:59,00:00-23:59,-
P801,화천 명지령계곡펜션,D003,강원도 화천군 사내면 용담리 526-1,010-8741-1515,00:00-23:59,00:00-23:59,-
P802,횡성 머쉬멜로우,D003,강원도 횡성군 둔내면 두원리 648-8,010-2248-9587,00:00-23:59,00:00-23:59,-
P803,횡성 잠자리펜션,D003,강원도 횡성군 서원면 유현리 1189,033-345-6269,00:00-23:59,00:00-23:59,-
P804,횡성 캐빈타운 펜션,D003,강원도 횡성군 둔내면 두원리 648-19,010-3502-5946,00:00-23:59,00:00-23:59,-
P805,어린이대공원,D007,서울특별시 광진구 능동로 216(구의문주차장 옆),0507-0261-2322,10:00-20:00,10:00-20:00,월
P806,월드컵공원,D007,서울특별시 마포구 증산로 32 월드컵공원,0507-0261-2323,00:00-23:59,00:00-23:59,월
P807,보라매공원,D007,서울특별시 동작구 여의대방로20길 33 보라매공원,0507-0261-2324,00:00-23:59,00:00-23:59,월
P808,초안산근린공원,D007,서울특별시 도봉구 창돈 산 48-16 (초안산근린공원),02-906-7979,10:00-19:00,10:00- 19:00,월 동절기(12월 1월 2월)
P809,영등포구 반려견 놀이터,D007,서울특별시 영등포구 문래동6가 52,02-2670-3419,10:00-20:00,10:00-20:00,월 동절기(12월 1월 2월)
P810,구로구 반려견 놀이터,D007,서울특별시 양천구 신정동 871-10,02-860-2265,10:00-20:00,10:00-20:00,월 동절기(12월 1월 2월)
P811,동대문구 반려견 놀이터,D007,서울특별시 중랑구 면목동 727-24,02-2127-4273,10:00-20:00,10:00-20:00,월 동절기(12월 1월 2월)
P812,경춘선 숲길,D007,서울특별시 노원구 공릉동 272-2,-,00:00-23:59,00:00-23:59,-
P813,서래마을 몽마르뜨 공원,D007,서울특별시 서초구 서초동 산177-3,02-2155-6860,00:00-23:59,00:00-23:59,-
P814,올림픽공원,D007,서울특별시 송파구 올림픽로 424,02-410-1114,05:00-22:00,05:00-22:00,-
P815,선유도공원,D007,서울특별시 영등포구 선유로 343,02-2631-9368,06:00-24:00,06:00-24:00,-
P816,남산공원(남산도시자연공원),D007,서울특별시 중구 삼일대로 231,02-3783-5900,00:00-23:59,00:00-23:59,-
P817,서울숲공원,D007,서울특별시 성동구 뚝섬로 273,02-460-2905,00:00-23:59,00:00-23:59,-
P818,낙상공원,D007,서울특별시 종로구 낙산길 41,02-743-7985,00:00-23:59,00:00-23:59,-
P819,뚝섬유원지,D007,서울특별시 광진구 자양동 112,02-3780-0521,00:00-23:59,00:00-23:59,-
P820,어몽더독,D006,경기도 용인시 처인구 백암면 근곡로107번길 29지번경기도 용인시 처인구 백암면 가좌리 183-1,0507-1312-3812,12:00-19:30,11:00-23:59,-
P821,개들의 정원,D006,경기도 이천시 설성면 설가로219번길 176,031-642-2373,11:00-20:00,11:00-20:00,월
P822,멍트럴파크,D006,경기도 시흥시 하우로 186,0507-1431-7752,11:00-20:00,11:00-20:00,-
P823,도그베이 서울점,D006,서울특별시 광진구 광나루로 441,1899-2617,10:00-19:00,10:00-19:00,-
P824,컨츄리독힐링파크,D006,경기도 용인시 처인구 모현읍 월촌로 76-1,031-333-2633,12:00-19:00,12:00-20:00,-
P825,개리비안비치,D006,경상남도 김해시 대동면 대동로 536-19,010-3770-7486,00:00-23:59,00:00-23:59,-
P826,의성펫월드,D006,경상북도 의성군 단북면 안계길 255-13,054-861-1414,00:00-23:59,00:00-23:59,-
P827,야우리애견운동장,D006,충청북도 청주시 상당구 용담.명암.산성동 27,010-4926-9122,10:00-18:00,10:00-18:00,-
P828,아우토반 애견운동장&애견수영장,D006,경기도 양주시 은현면 봉암리 294,080-4443-2346,00:00-23:59,00:00-23:59,-
P829,전설의 운동장,D006,경기도 용인시 처인구 모현읍 곡현로480번길 26,010-4339-3515,00:00-23:59,00:00-23:59,-
P830,에덴도그파크,D006,충청남도 아산시 도고면 와산리 89-2,0507-1309-8750,11:00-18:00,11:00-18:00,설날당일 추석당일
P831,스타독 반려견테마파크,D006,경기도 이천시 마장면 작촌로 92-23 스타독,0507-1409-7410,11:00-18:00,11:00 -19:00,-
P832,E조은애견스쿨,D006,경기도 이천시 마장면 중부대로 55,010-4040-4539,-,-,상담전화
P833,모나미랜드 블레싱가든,D006,경기도 이천시 마장면 중부대로2670번길 131,031-674-5933,10:00-20:00,10:00-20:00,월
P834,시리우스,D006,충청북도 청주시 서원구 현도면 우록1길 17-9 시리우스,0507-1341-0956,10:00-20:00,10:00-20:00,상담전화
P835,발트바우,D006,경기도 고양시 덕양구 호국로 1234-43,0507-1317-6739,-,-,사전공지
P836,이삭애견스쿨,D006,경기도 고양시 일산서구 한류월드로 300 원마운트 3층 3003호,031-961-6450,09:00-18:00,09:00-18:00,월
P837,드린겐애견테마파크,D006,경기도 시흥시 시흥대로 1031-4,031-315-1733,11:00-21:00,11:00-21:00,사전공지
P838,리더스독 아카데미,D006,경기도 김포시 고촌읍 금포로549번길 305-70 리더스독아카데미,0507-1424-5677,09:00-18:00,11:00-18:00,사전공지
P839,댕댕점프,D006,경기도 남양주시 진접읍 금강로782번길 9-26,0507-1343-1157,12:00-22:00,12:00-22:00,월
P840,패밀리애견,D006,충청남도 당진시 정안로 61,041-354-7989,10:00-21:00,10:00-21:00,-
P841,개두방정,D006,경기도 양주시 고덕로 219,0507-1365-7790,00:00-23:59,00:00-23:59,사전공지
P842,워킹애니멀스쿨,D006,경기도 파주시 파주읍 통일로 1171,0507-1484-8813,09:00-18:00,11:00-21:00,사전공지
P843,정원퍼피스쿨 애견훈련소,D006,경기도 광주시 오포읍 창뜰아랫길 13-27,0507-1415-5147,10:30-19:00,10:30-19:00,사전공지
P844,하남애견훈련소,D006,경기도 하남시 대성로 151,031-793-3315,-,-,상담전화
P845,Dogs and Human,D006,서울특별시 서초구 명달로9길 5,0507-1307-8873,00:00-23:59,00:00-23:59,-
P846,악동타임즈,D006,경기도 파주시 탄현면 요풍길 68-38,010-8619-6455,11:00-19:00,11:00-18:00,사전공지
P847,부산애견대학,D006,부산광역시 기장군 장안읍 좌동길 2,010-8570-2268,-,-,상담전화
P848,제주펫스쿨,D006,제주특별자치도 서귀포시 대정읍 칠전로 438 2층,0507-1365-4504,10:00-18:00,10:00-18:00,토 일
P849,드린겐애견학교,D006,경기도 시흥시 시흥대로 1031-4,010-8703-0390,-,-,상담전화
P850,러브독애견훈련소,D006,인천광역시 강화군 내가면 강화서로 48,032-933-3022,08:00-22:00,08:00-22:00,사전공지
P851,퍼펙트독 애견훈련학교,D006,경기도 남양주시 화도읍 가곡리 산55-78,0507-1403-8976,00:00-23:59,00:00-23:59,사전공지
P852,벗 아카데미,D006,대구광역시 동구 인산로 69-1,010-3537-6224,11:00-19:00,11:00-19:00,사전공지
P853,울산애견월드,D006,울산광역시 울주군 청량읍 양천3길 40-21,052-267-3335,00:00-23:59,00:00-23:59,사전공지
P854,홀리케어바프코리아,D006,경기도 용인시 처인구 모현읍 초부로 191-6,031-337-2279,-,-,사전공지
P855,독스힐링,D006,경기도 포천시 관인면 사정리 103,010-7741-8950,13:00-19:00,13:00-21:00,사전공지
P856,네이처애견훈련학교,D006,경기도 남양주시 와부읍 월문리 268-2,0507-1357-8874,00:00-23:59,00:00-23:59,사전공지
P857,호천펫 놀이터,D006,경기도 파주시 심학산로 68 가동 1층,0507-1307-4163,11:00-21:00,11:00-21:00,사전공지
P858,도그캠프,D006,경기도 김포시 하성면 금포로1915번길 65,0507-1437-2223,11:00-19:00,11:00-20:00,수
P859,파크드차밍,D006,경기도 양평군 양동면 아래배내1길,1668-3623,11:00-21:00,10:00-22:00,-
P860,도그베이838-서울,D006,서울특별시 광진구 광나루로 441,1899-2617,10:00-19:00,10:00-19:00,사전공지
P861,바우라움 서울숲캠퍼스,D006,서울특별시 성동구 왕십리로 241 파크에비뉴 엔터식스 4층,0507-0261-3097,10:30-21:00,10:30-21:00,사전공지
P862,멍멍벅스,D006,서울특별시 마포구 잔다리로 6길 28-1,070-4512-3435,10:30-21:00,10:30-21:00,-
P863,치코앤치카,D006,서울특별시 서대문구 홍은중앙로9나길 55-13,0507-0261-2933,11:00-18:00,11:00-18:00,사전공지
P864,다독다독,D006,경기도 성남시 분당구 하오개로 242,0507-0261-0238,10:00-19:00,10:00-19:00,수
P865,힐링독아카데미,D006,경기도 하남시 춘궁로 141번길 102,0507-0261-0293,9:30-18:00,9:30-18:00,월
P866,삼막애견공원,D006,경기도 안양시 만안구 예술공원로 245번길 150,0507-0261-2599,00:00-23:59,00:00-23:59,-
P867,분당중앙공원 반려견놀이터,D006,경기도 성남시 분당구 수내2동 성남대로 550,-,10:00-19:00,10:00-19:00,월
P868,율동공원 반려견놀이터,D006,경기도 성남시 분당구 문정로 145,0507-0261-2328,00:00-23:59,00:00-23:59,월
P869,랑랑이네정원,D006,경기도 남양주시 와부읍 수레로 486번길 5,031-577-0726,11:00-20:00,11:00-20:00,수
P870,노블레스독,D006,경기도 시흥시 하우로 122번길 16,0507-0261-0310,12:00-19:00,12:00-19:00,월
P871,도그파크랜드,D006,경기도 용인시 처인구 모현읍 오산로 208-34,0507-0261-0580,10:00-19:00,10:00-19:00,-
P872,개들의 수다,D006,경기도 김포시 고촌읍 은행영사정로 51번길 42,0507-0261-2631,11:00-20:00,10:00-20:00,목
P873,광교호수공원 반려견 놀이터,D006,경기도 수원시 영통구 광교호수로 214,-,10:00-22:00,10:00-22:00,월
P874,상동호수공원 반려견 놀이터,D006,경기도 부천시 조마루로 15,0507-0261-2326,00:00-23:59,00:00-23:59,-
P875,계양꽃마루 반려견 놀이터,D006,인천광역시 계양구 봉오대로 855 계양경기장,-,10:00-20:00,10:00-20:00,월
P876,인천대공원 반려견 놀이터,D006,인천광역시 남동구 무네미로 236,0507-0261-2598,09:00-18:00,09:00-18:00,월 동절기 우천
P877,고양호수공원 반려견 놀이터,D006,경기도 고양시 일산동구 노루목로 10,0507-0261-2325,00:00-23:59,00:00-23:59,-
P878,기흥레스피아호수공원 반려견 놀이터,D006,경기도 용인시 기흥구 하갈로 79,0507-0261-2558,08:00-18:00,08:00-18:00,월
P879,다남숲멍빌리지,D006,인천광역시 계양구 역골로 43번길 7-4,010-2703-6773,11:00-18:00,11:00-18:00,사전공지
P880,피스테일,D006,경기도 고양시 일산동구 성석로 90-1,0507-0261-0466,8:30-20:00,11:00-20:00,월
P881,딩가댕가,D006,경기도 포천시 소흘읍 광릉수목원로 1104,010-9606-0220,11:00-20:00,11:00-21:00,매달 첫째주 수
P882,기흥호수공원 반려견 놀이터,D006,경기도 용인시 기흥구 하갈로 79,0507-0261-3020,09:00-20:00,09:00-20:00,월
P883,개더링,D006,경기도 안산시 단원구 광덕대로 161 206호,010-3090-5599,13:00-20:00,13:00-20:00,화
P884,호매실 반려견 놀이터,D006,경기도 수원시 권선구 호매실동,-,10:00-18:00,10:00-18:00,-
P885,뽀야쌀롱,D006,경기도 양평군 양서면 목왕로 688번길 47,010-7631-7455,12:00-19:00,12:00-19:00,수 목
P886,딩고,D006,경기도 수원시 영통구 태장로 54번길 166,0507-0261-0239,10:00-21:00,10:00-21:00,-
P887,매송 휴게소,D006,경기도 화성시 매송면 서해안고속도로 315,0507-0261-2637,00:00-23:59,00:00-23:59,-
P888,개두방정,D006,경기도 양주시 고덕로 219,070-4251-7770,13:00-02:00,13:00-02:00,사전공지
P889,성곡 반려견 놀이터,D006,경기도 안산시 단원구 성곡동 696,-,10:00-19:00,10:00-19:00,월
P890,위드랜드 롯데백화점 동탄점,D006,경기도 화성시 동탄역로 160,031-8036-2276,10:30-20:30,10:30-20:30,백화점 휴무일과 동일
P891,몽드드뚜뚜,D006,경기도 포천시 가산면 방산길 122,0507-0261-2884,11:00-20:00,11:00-20:00,월
P892,개떼놀이터 파주점,D006,경기도 파주시 연다산길 128,010-3795-5150,11:00-01:00,11:00-01:00,사전공지
P893,송도도그파크(송도달빛축제공원),D006,인천광역시 연수구 센트럴로 350,032-770-4227,00:00-23:59,00:00-23:59,월
P894,스타독스,D006,경기도 파주시 탄현면 국화향길 10-40,0507-0261-1316,12:00-18:00,11:00-18:00,사전공지
P895,링크독애견파크,D006,경기도 가평군 설악면 신천중앙로 28번길 101-60,0507-0261-3092,13:00-12:00,13:00-12:00,사전공지
P896,하성근린공원 반려견 놀이터(태산패밀리파크),D006,경기도 김포시 하성면 하성로 585 태산패밀리파크,-,00:00-23:59,00:00-23:59,-
P897,댕댕그라운드,D006,경기도 양평군 개군면 공서울길 88번길 28-2,0507-0261-3062,10:00-20:00,12:00-19:00,월
P898,나는 애견인이다,D006,경기도 파주시 탄현면 새오리로 161번길 53-54,0507-0261-2972,10:00-21:00,10:00-21:00,월
P899,화성휴게소(목포방향),D006,경기도 화성시 팔탄면 구운말길 41,0507-0261-2639,00:00-23:59,00:00-23:59,-
P900,퍼니독,D006,인천광역시 강화군 양도면 강화남로 342-1,0507-0261-1336,11:00-18:00,11:00-18:00,화 수
P901,해리파크,D006,인천광역시 중구 마시란로 284,010-7528-2444,10:00-23:59,10:00-23:59,사전공지
P902,도기헤븐,D006,경기도 안성시 삼죽면 서동대로 6392,0507-0261-0252,10:00-20:00,10:00-20:00,사전공지
P903,강아지숲,D006,강원도 춘천시 남산면 충효로 437,033-913-1433,10:00-18:00,10:00-18:00,월
P904,도기존,D006,강원도 춘천시 서면 당림리 297-5,0507-0261-0438,-,-,-
P905,고고독,D006,충청북도 진천군 이월면 중미로 255 고고독,0507-0261-3001,11:00-20:00,11:00-20:00,사전공지
P906,패밀리애견,D006,충청남도 당진시 정안로 61,041-354-7989,10:00-21:00,10:00-21:00,-
P907,오브차카월드,D006,충청남도 당진시 순성면 순성로 181-50,010-5041-5355,10:00-20:00,10:00-20:00,월
P908,에덴도그파크,D006,충청남도 아산시 도고면 온천대로 605-23,0507-0261-1338,11:00-18:00,11:00-18:00,-
P909,서산휴게소(목포방향) 애견놀이터,D006,충청남도 서산시 해미면 서해안고속도로 241 목포방향,0507-0261-2498,00:00-23:59,00:00-23:59,-
P910,킹스독,D006,충청남도 서산시 갈산동 176-11,0507-0261-1408,13:00-18:00,13:00-18:00,사전공지
P911,충주종합운동장 반려견 놀이터,D006,충청북도 충주시 대림로 85,043-850-0410,00:00-23:59,00:00-23:59,-
P912,도즈오프,D006,강원도 원주시 신림면 신림황둔로 1060,010-8714-6993,10:00-20:00,10:00-20:00,-
P913,죽암휴게소 멍멍파크,D006,충청북도 청주시 서원구 현도면 경부고속도로 290,0507-0261-2516,00:00-23:59,00:00-23:59,-
P914,카페댕,D006,충청남도 공주시 반포면 왕흥장악로 865,0507-0261-3119,12:00-21:00,11:00 : 21:00,사전공지
P915,추풍령휴게소(부산방향),D006,경상북도 김천시 봉산면 경부고속도로 213,0507-0261-2641,00:00-23:59,00:00-23:59,-
P916,옥계휴게소(속초방향),D006,강원도 강릉시 옥계면 동해고속도로 320,0507-0261-2640,00:00-23:59,00:00-23:59,-
P917,개간지놀이터,D006,경상북도 구미시 오태3길 31,0507-0261-1333,11:00-21:00,11:00-21:00,목
P918,동락공원반려견놀이터,D006,경상북도 칠곡군 석적읍 3공단1로 49 반려견놀이터,-,09:00-18:00,09:00-18:00,월
P919,성주휴게소(양평방향),D006,경상북도 성주군 초전면 중부내륙고속도로 98,-,00:00-23:59,00:00-23:59,-
P920,정읍녹두장군휴게소(순천방향),D006,전라북도 정읍시 북면 정신로 135-61,-,00:00-23:59,00:00-23:59,-
P921,도그플레이스,D006,대구광역시 달서구 한실로6길 155,0507-1376-0927,12:00-22:00,12:00-22:00,목
P922,슈가파인,D006,대구광역시 달성군 가창면 헐티로 899 슈가파인,0507-1382-2090,11:00-23:00,11:00-23:00,-
P923,퍼니하우스,D006,전라남도 담양군 금성면 금성산성길 280,0507-0261-0792,11:00-20:00,10:00-08:00,월
P924,트레인독,D006,경상북도 경산시 옥실길 92,0507-0261-1183,10:00-21:00,10:00-21:00,사전공지
P925,멍스 반려견 스쿨,D006,전라남도 담양군 대전면 추성1로 385-77,0507-0261-0348,10:30-16:30,10:30-16:30,-
P926,눈보뛰,D006,광주광역시 광산구 대산로 22,062-941-5880,11:00-19:00,10:00-21:00,화
P927,아웃독,D006,경상남도 진주시 내동면 내축로 563번길 38,0507-0261-0591,11:00-20:00,10:00-20:00,화
P928,진주휴게소 애견놀이터 폴짝(부산방향),D006,경상남도 진주시 남해고속도로 194,0507-0261-2518,00:00-23:59,00:00-23:59,-
P929,아라깨비카페,D006,경상남도 함안군 산임면 산인로 180,010-9039-9398,10:30-21:00,09:30-21:00,-
P930,Get Free(겟프리),D006,울산광역시 울주군 범서읍 망성리 157,0507-0261-2812,11:00-22:00,11:00-22:00,-
P931,루즈독,D006,부산광역시 기장군 장안읍 방모산2길 33,0507-0261-0682,11:00-21:00,11:00-21:00,사전공지
P932,쪼꼬유치원2,D006,부산광역시 기장군 장안읍 방모산1길 43-11,0507-0261-2819,11:00-18:00,11:00-20:00,격주 화
P933,귤밭에 댕댕이 체험농장&카페,D006,제주특별자치도 제주시 애월읍 고성서5길 15,010-4403-0854,11:00-18:30,11:00-18:30,수
P934,발라당팍,D006,경기도 과천시 삼부골2로 12-17,0507-0261-1320,12:00-20:00,12:00-20:00,사전공지
P935,조이런,D006,경기도 고양시 덕양구 봉산로 242-3,0507-0261-1328,00:00-23:59,00:00-23:59,사전공지
P936,카페 바이 미밍코,D006,경기도 광명시 일직로 17 6층,0507-0261-3013,11:00-21:00,11:00-22:00,-
P937,도그베이 송추점,D006,경기도 양주시 장흥면 호국로 542-29,0507-0261-2681,09:0-02:00,09:00-02:00,사전공지
P938,도그판타지아,D006,경기도 양주시 장흥면 호국로 542-20,0507-0261-1326,-,-,상담전화
P939,개떼월드,D006,경기도 고양시 일산동구 산황동 721-8,0507-0261-1321,11:00-19:00,11:00-19:00,-
P940,위드티쳐,D006,인천광역시 계양구 성안길 2,032-555-5351,11:00-20:00,11:00-20:00,-
P941,루프앤독,D006,경기도 안산시 상록구 중보로 23 6층,0507-0261-3012,08:00-23:59,08:00-23:59,-
P942,개스타하우스,D006,경기도 고양시 일산동구 진밭로 7-29,0507-0261-2821,10:00-20:00,10:00-20:00,사전공지
P943,숲속애견랜드,D006,경기도 용인시 기흥구 동백죽전대로 175번길 13,0507-0261-1324,11:00-20:00,11:00-20:00,월
P944,유진랜드,D006,경기도 파주시 광탄면 기산로 186번길 108,0507-0261-1500,09:00-20:00,09:00-20:00,-
P945,골드펫앤도그베이,D006,경기도 용인시 기흥구 기흥단지로 397,010-2569-9728,10:00-20:00,10:00-20:00,-
P946,루디힐,D006,경기도 양평군 서종면 화서1로 97,0507-0261-1425,09:00-21:00,09:00-21:00,사전공지
P947,독도리,D006,경기도 양주시 은현면 화합로 941번길 101-8,0507-0261-1327,10:00-21:00,10:00-21:00,사전공지
P948,아임버디,D006,경기도 파주시 탄현면 필승로 487-32,0507-0261-1330,15:00-11:00,15:00-11:00,상담전화
P949,휴이트,D006,경기도 포천시 일동면 운악청계로 1480번길 90-98,0507-0261-2751,15:00-11:00,15:00-11:00,상담전화
P950,차령제이힐링타운,D006,충청남도 공주시 정안면 차령고개로 331,0507-0261-0142,15:00-11:00,15:00-11:00,-
P951,WOOF,D006,충청북도 청주시 서원구 남이면 2순환로 1652,0507-0261-0827,10:30-21:00,10:30-21:00,사전공지
P952,숲속의 핀란드,D006,충청남도 태안군 소원면 은골길 128,0507-0261-0170,15:00-11:00,15:00-11:00,-
P953,퍼피프렌즈,D006,충청북도 청주시 상당구 가덕면 노동두산길 31-26,0507-0261-0822,11:00-18:00,11:00-18:00,화 수
P954,하늘지기,D006,충청남도 태안군 안면읍 안수터길 83-19,0507-0261-0153,15:00-11:00,15:00-11:00,-
P955,개버랜드,D006,강원도 강릉시 구정면 구정중앙로 155-8 개버랜드,0507-0261-1481,08:00-20:00,08:00-20:00,수
P956,도그락,D006,경상북도 안동시 서후면 풍산태사로 2928-14,0507-0261-1332,10:00-20:00,10:00-20:00,-
P957,클럽펫월드,D006,대구광역시 북구 유통단지로7길 107 1층,0507-0261-2974,10:00-22:00,10:00-23:00,사전공지
P958,놀터(pet playground),D006,경상남도 밀양시 초동면 신호1길 93,010-8233-5557,09:30-22:00,09:30-22:00,월
P959,앨리스Doggyschool,D006,부산광역시 해운대구 좌동순환로 433번길 22 2층,0507-0261-1083,10:00-20:00,10:00-20:00,-
P960,개판오분전(제주),D006,제주특별자치도 서귀포시 남원읍 하신로 302 개판오분전,0507-0261-2992,10:00-17:00,10:00-17:00,월 화 수
P961,도산공원,D007,서울특별시 강남구 도산대로 45길 20,-,00:00-23:59,00:00-23:59,-
P962,국기원,D007,서울특별시 강남구 테헤란로 7길 32,0507-0261-1695,00:00-23:59,00:00-23:59,-
P963,아시아공원,D007,서울특별시 송파구 올림픽로 44,0507-0261-2490,00:00-23:59,00:00-23:59,-
P964,잠원한강공원,D007,서울특별시 서초구 잠원로 221-124 잠원한강공원,0507-0261-2585,00:00-23:59,00:00-23:59,-
P965,잠실한강공원,D007,서울특별시 송파구 한가람로 65,0507-0261-3022,09:00-21:00,09:00-21:00,-
P966,양재시민의숲,D007,서울특별시 서초구 매헌로 99,0507-0261-3036,00:00-23:59,00:00-23:59,-
P967,남산 야외식물원,D007,서울특별시 용산구 소월로 323,0507-0261-2571,00:00-23:59,00:00-23:59,-
P968,메가박스 EOE4,D007,서울특별시 중구 장충단로 72 남산 자동차 극장,0507-0261-2702,-,-,-
P969,용산가족공원,D007,서울특별시 용산구 서빙고로 137,02-792-5661,00:00-23:59,00:00-23:59,-
P970,남산타워,D007,서울특별시 용산구 남산공원길 126 남산서울타워,02-756-2486,10:00-22:00,10:00-22:00,-
P971,남산골한옥마을,D007,서울특별시 중구 퇴계로 34길 28,0507-0261-2714,09:00-20:00,09:00-20:00,월
P972,몽촌토성,D007,서울특별시 송파구 올림피로 424,0507-0261-2918,00:00-23:59,00:00-23:59,-
P973,율현공원,D007,서울특별시 강남구 밤고개로 24길 22,0507-0261-1729,00:00-23:59,00:00-23:59,-
P974,고구려대장간마을,D007,경기도 구리시 우미내길 41,0507-0261-3183,09:00-18:00,09:00-18:00,-
P975,오금공원,D007,서울특별시 송파구 오금로 363,0507-0261-1728,00:00-23:59,00:00-23:59,-
P976,장수마을,D007,서울특별시 성북구 삼선교로 4길 186 구립삼선1동노인정,0507-0261-2917,00:00-23:59,00:00-23:59,-
P977,북촌 한옥마을,D007,서울특별시 종로구 계동길 37,0507-0261-2715,00:00-23:59,00:00-23:59,-
P978,삼청공원,D007,서울특별시 종로구 북촌로 134-3 삼청공원관리실,02-2148-4152,00:00-23:59,00:00-23:59,-
P979,북정마을,D007,서울특별시 성북구 성북로 23길 132-3,-,00:00-23:59,00:00-23:59,-
P980,스타필드 시티 위례,D007,경기도 하남시 위례대로 200,0507-0261-2804,10:00-22:00,10:00-22:00,-
P981,서울숲공원,D007,서울특별시 성동구 뚝섬로 273,0507-0261-2537,00:00-23:59,00:00-23:59,-
P982,서울대공원 둘레길,D007,경기도 과천시 대공원광장로 102,0507-0261-2624,09:00-19:00,09:00-19:00,-
P983,서울성곽길,D007,서울특별시 성북구 대사관로 1 북악산 한양도성,-,00:00-23:59,00:00-23:59,-
P984,서울장미공원,D007,서울특별시 중랑구 동일로 157길 59,02-2094-0114,00:00-23:59,00:00-23:59,-
P985,IFC몰,D007,서울특별시 영등포구 국제금융로 10,0507-0261-2667,10:00-22:00,10:00-22:00,-
P986,장자호수공원,D007,경기도 구리시 장자호수길 76-42,0507-0261-2495,00:00-23:59,00:00-23:59,-
P987,청운공원(윤동주시인의 언덕),D007,서울특별시 종로구 창의문로 119,-,00:00-23:59,00:00-23:59,-
P988,청계산맑은숲공원,D007,경기도 의왕시 청계로 475,031-345-3552,00:00-23:59,00:00-23:59,-
P989,북서울꿈의 숲,D007,서울특별시 강북구 월계로 173,0507-0261-2536,00:00-23:59,00:00-23:59,-
P990,경의선숲길,D007,서울특별시 마포구 동교로 225 경의선숲길,-,00:00-23:59,00:00-23:59,-
P991,백사실계곡,D007,서울특별시 종로구 세검정로 6길 98,02-2148-1114,00:00-23:59,00:00-23:59,-
P992,화랑대 철도공원,D007,서울특별시 노원구 화랑로 610 화랑대 철도공원,0507-0261-2977,00:00-23:59,00:00-23:59,-
P993,구리역공원,D007,경기도 구리시 인창동 675-1,0507-0261-2306,00:00-23:59,00:00-23:59,-
P994,구리한강시민공원,D007,경기도 구리시 검배로 176-44,0507-0261-2473,00:00-23:59,00:00-23:59,-
P995,양화한강공원,D007,서울특별시 영등포구 노들로 221,0507-0261-3025,09:00-21:00,09:00 -21:00,-
P996,문래창작촌,D007,서울특별시 영등포구 도림로 128가길 13-8,-,00:00-23:59,00:00-23:59,-
P997,초안산들꽃향기원,D007,서울특별시 도봉구 노해로 66길 98-33,-,00:00-23:59,00:00-23:59,-
P998,남양주한강공원(삼패지구),D007,경기도 남양주시 고산로 184-1,0507-0261-3129,00:00-23:59,00:00-23:59,-
P999,난지한강공원,D007,서울특별시 마포구 한강난지로 162,0507-0261-3024,09:00-21:00,09:00-21:00,-
P1000,미사경정공원,D007,경기도 하남시 미사대로 505,031-790-8883,00:00-23:59,00:00-23:59,-
P1001,하늘공원,D007,서울특별시 마포구 하늘공원로 95 하늘공원,0507-0261-2577,00:00-23:59,00:00-23:59,-
P1002,백운호수,D007,경기도 의왕시 백운로 526 백운호수제방공영주차장,-,00:00-23:59,00:00-23:59,-
P1003,스타필드 하남,D007,경기도 하남시 미사대로 750 스타필드 하남,0507-0261-2817,10:00-22:00,10:00-22:00,-
P1004,한양누리삼십리길 3코스(마을길이 아름다운 구간),D007,경기도 광주시 남한산성면 불당길 22-3,-,00:00-23:59,00:00-23:59,-
P1005,한양누리삼십리길 2코스(합격기원 특별구간),D007,경기도 광주시 남한산성면 불당길 13 불당리 주차장,-,00:00-23:59,00:00-23:59,-
P1006,갈미한글공원,D007,경기도 의왕시 문화예술로 65,-,00:00-23:59,00:00-23:59,-
P1007,은평한옥마을,D007,서울특별시 은평구 진관길 21-2,-,00:00-23:59,00:00-23:59,-
P1008,구정남재묘역 근린공원,D007,경기도 남양주시 별내3로 199-1,,00:00-23:59,00:00-23:59,-
P1009,별내2호근린공원수변휴게공원,D007,경기도 남양주시 별내3로 232 별가람중학교 길 건너,-,00:00-23:59,00:00-23:59,-
P1010,율동공원 반려견놀이터,D007,경기도 성남시 분당구 문정로 145,0507-0261-2328,00:00-23:59,00:00-23:59,월
P1011,고기리 계곡,D007,경기도 용인시 수지구 샘말로 131번길 15,-,00:00-23:59,00:00-23:59,-
P1012,영원길(홍유릉둘레길),D007,경기도 남양주시 홍유릉로 352-1,031-591-7043,00:00-23:59,00:00-23:59,-
P1013,다락원체육공원,D007,서울특별시 도봉구 마들로 932 평화문화진지,02-901-5199,00:00-23:59,00:00-23:59,-
P1014,중대물빛공원,D007,경기도 광주시 순암로 307,0507-0261-2616,00:00-23:59,00:00-23:59,-
P1015,일영허브랜드,D007,경기도 양주시 장흥면 일영로 346-26,0507-0261-2554,10:00-20:00,10:00-20:00,-
P1016,군포 철쭉동산,D007,경기도 군포시 수리산로 7,031-390-0435,00:00-23:59,00:00-23:59,-
P1017,능내리 마을,D007,경기도 남양주시 조안면 다산로 526번길 8,0507-0261-1446,00:00-23:59,00:00-23:59,-
P1018,마재성지,D007,경기도 남양주시 조안면 능내리 116,0507-0261-1447,00:00-23:59,00:00-23:59,-
P1019,다산생태공원,D007,경기도 남양주시 조안면 다산로 767,0507-0261-2990,00:00-23:59,00:00-23:59,-
P1020,알동산,D007,경기도 남양주시 진접읍 금강로 1032,-,00:00-23:59,00:00-23:59,-
P1021,부천도당근린공원(부천백만송이장미원),D007,경기도 부천시 성곡로 63번길 99,032-320-3000,00:00-23:59,00:00-23:59,-
P1022,팔당물안개공원,D007,경기도 광주시 남종면 귀여리 596,-,00:00-23:59,00:00-23:59,-
P1023,물의정원,D007,경기도 남양주시 조안면 북한강로 398,0507-0261-3060,00:00-23:59,00:00-23:59,-
P1024,두물머리,D007,경기도 양평군 양서면 양수리 ,0507-0261-1448,00:00-23:59,00:00-23:59,-
P1025,왕송호수(레솔레파크),D007,경기도 의왕시 왕송못동로 209,031-345-3534,00:00-23:59,00:00-23:59,-
P1026,의왕시자연학습공원,D007,경기도 의왕시 왕송못동로 307,0507-0261-2757,00:00-23:59,00:00-23:59,-
P1027,부천중앙공원,D007,경기도 부천시 소향로 162,-,00:00-23:59,00:00-23:59,-
P1028,수원화성,D007,경기도 수원시 장안구 팔달로 303번길 25,0507-0261-1464,09:00-17:00,09:00-17:00,-
P1029,송산사지근린공원,D007,경기도 의정부시 민락로 296,-,00:00-23:59,00:00-23:59,-
P1030,장흥자생수목원,D007,경기도 양주시 장흥면 권율로 309번길 167-35,0507-0261-2556,09:00-19:00,09:00-19:00,-
P1031,해밀공원,D007,경기도 남양주시 진접읍 금곡리 ,-,00:00-23:59,00:00-23:59,-
P1032,서호공원,D007,경기도 수원시 팔달구 고화로 107,-,00:00-23:59,00:00-23:59,-
P1033,장승다담공원,D007,경기도 남양주시 진접읍 금강로 1554-11,0507-0261-3212,00:00-23:59,00:00-23:59,-
P1034,시흥갯골생태공원,D007,경기도 시흥시 동서로 287,0507-0261-3044,00:00-23:59,00:00-23:59,-
P1035,부평생태습지,D007,경기도 남양주시 진접읍 광릉내로 51-18,-,00:00-23:59,00:00-23:59,-
P1036,일산호수공원,D007,경기도 고양시 일산동구 노루목로 10,0507-0261-2321,06:00-20:00,06:00-20:00,-
P1037,나리공원,D007,경기도 양주시 만송동 458,-,00:00-23:59,00:00-23:59,-
P1038,곤지암도자공원,D007,경기도 광주시 곤지암읍 경충대로 727,0507-0261-2617,09:00-18:00,09:00-18:00,1월 1일 월
P1039,안산호수공원,D007,경기도 안산시 상록구 해안로 561,-,00:00-23:59,00:00-23:59,-
P1040,포천 고모저수지,D007,경기도 포천시 소흘읍 죽엽산로 419-8,-,00:00-23:59,00:00-23:59,-
P1041,운정호수공원,D007,경기도 파주시 경의로 1151,0507-0261-2541,00:00-23:59,00:00-23:59,-
P1042,옥구공원,D007,경기도 시흥시 서해안로 277,-,00:00-23:59,00:00-23:59,-
P1043,드림파크,D007,인천광역시 서구 거월로 61,0507-0261-2651,00:00-23:59,00:00-23:59,-
P1044,청라호수공원,D007,인천광역시 서구 청라커낼로 135,0507-0261-2911,00:00-23:59,00:00-23:59,-
P1045,우음도둘레길,D007,경기도 화성시 송산면 공룡로 940번길 27,-,00:00-23:59,00:00-23:59,-
P1046,송도센트럴파크,D007,인천광역시 연수구 테크노파크로 196,-,00:00-23:59,00:00-23:59,-
P1047,설봉공원,D007,경기도 이천시 경충대로 2697번길 172,0507-0261-1427,00:00-23:59,00:00-23:59,-
P1048,호명호수,D007,경기도 가평군 청평면 상천역로 29,0507-0261-2463,09:00-18:00,09:00-18:00,1월 2월 12월
P1049,율곡습지공원,D007,경기도 파주시 파평면 율곡리 율곡습지공원 ,-,00:00-23:59,00:00-23:59,-
P1050,호명호수공원,D007,경기도 가평군 청평면 경춘로 1362,0507-0261-2910,00:00-23:59,00:00-23:59,-
P1051,소풍정원,D007,경기도 평택시 고덕면 새악길 43-126,0507-0261-2722,00:00-23:59,00:00-23:59,-
P1052,아산지중해마을,D007,충청남도 아산시 탕정면 탕정면로 8번길 55-7,0507-0261-3078,00:00-23:59,00:00-23:59,-
P1053,춘천 소양강댐,D007,강원도 춘천시 신북읍 신샘밭로 815,0507-0261-1674,00:00-23:59,00:00-23:59,-
P1054,청평사,D007,강원도 춘천시 북산면 오봉산길 810,0507-0261-1451,00:00-23:59,00:00-23:59,-
P1055,호암지 생태공원,D007,충청북도 충주시 호암동 산 124-16,-,00:00-23:59,00:00-23:59,-
P1056,태안 남면 바닷가,D007,충청남도 태안군 남면 진산1길 195-17,-,00:00-23:59,00:00-23:59,-
P1057,청산수목원,D007,충청남도 태안군 남면 연꽃길 70,0507-0261-1971,09:00-18:00,09:00-18:00,-
P1058,만리포 해수욕장,D007,충청남도 태안군 소원면 서해로 33-31,0507-0261-2606,00:00-23:59,00:00-23:59,-
P1059,흥정계곡,D007,강원도 평창군 봉평면 봉평북로 250-31,0507-0261-2540,00:00-23:59,00:00-23:59,-
P1060,세종호수공원,D007,세종특별자치시 연기면 중앙공원서로 60 인근 공영주차장,0507-0261-2532,05:00-23:00,05:00-23:00,-
P1061,네이처월드,D007,충청남도 태안군 남면 마검포길 200,0507-0261-2579,18:30-22:00,18:30-22:00,우천시
P1062,청남대,D007,충청북도 청주시 상당구 문의면 청남대길 646,0507-0261-2613,09:00-17:00,09:00-17:00,월
P1063,꽃지해안공원,D007,충청남도 태안군 안면읍 꽃지해안로 412,0507-0261-2320,00:00-23:59,00:00-23:59,-
P1064,코리아플라워파크,D007,충청남도 태안군 안면읍 꽃지해안로 400,0507-0261-2584,17:30-22:30,17:30-22:30,-
P1065,홍천 은행나무숲,D007,강원도 홍천군 내면 달둔길 9-63,0507-0261-3037,10:00-17:00,10:00-17:00,-
P1066,유림공원,D007,대전광역시 유성구 봉명동 2-1,0507-0261-2610,00:00-23:59,00:00-23:59,-
P1067,봉래산산림욕장,D007,강원도 영월군 영월읍 천문대길 397,0507-0261-1437,00:00-23:59,00:00-23:59,-
P1068,대청호반자연생태공원,D007,대전광역시 동구 천개동로 16,041-251-4753,00:00-23:59,00:00-23:59,-
P1069,안반데기,D007,강원도 강릉시 왕산면 안반데기길 428,0507-0261-1454,00:00-23:59,00:00-23:59,-
P1070,청초호수공원,D007,강원도 속초시 엑스포로 140,0507-0261-2909,00:00-23:59,00:00-23:59,-
P1071,낙산해수욕장,D007,강원도 양양군 강현면 해맞이길 59,0507-0261-1682,06:00-23:59,06:00-23:59,-
P1072,영랑호,D007,강원도 속초시 영랑호반길 140,0507-0261-1677,00:00-23:59,00:00-23:59,-
P1073,송림산책로(속초해변),D007,강원도 속초시 해오름로 190 속초해수욕장,-,06:00-24:00,06:00-24:00,-
P1074,민둥산 억새군락지,D007,강원도 정선군 남면 강원남로 5280,-,00:00-23:59,00:00-23:59,-
P1075,청간해변,D007,강원도 고성군 토성면 청간정길 41,-,06:00-23:59,06:00-23:59,-
P1076,남대천,D007,강원도 강릉시 성산면 칠봉로 15-26,-,00:00-23:59,00:00-23:59,-
P1077,대진항 해상공원,D007,강원도 고성군 현내면 대진항길 85,-,08:00-17:00,08:00-17:00,-
P1078,영진해변,D007,강원도 강릉시 연곡면 영진길 87,0507-0261-1458,00:00-23:59,00:00-23:59,-
P1079,경포생태저류지,D007,강원도 강릉시 운정길 8 ,-,00:00-23:59,00:00-23:59,-
P1080,사천해변,D007,강원도 강릉시 사천면 해안로 983,0507-0261-2934,06:00-22:00,06:00-22:00,-
P1081,경포대,D007,강원도 강릉시 경포로 365,0507-0261-2293,09:00-18:00,09:00-18:00,-
P1082,사근진해변,D007,강원도 강릉시 해안로 604번길 16,0507-0261-2295,00:00-23:59,00:00-23:59,-
P1083,강문해변,D007,강원도 강릉시 창해로 350번길 23,033-640-4920,00:00-23:59,00:00-23:59,-
P1084,안목해변,D007,강원도 강릉시 창해로 14번길 20-1,-,00:00-23:59,00:00-23:59,-
P1085,대아수목원,D007,전라북도 완주군 동상면 대아수목로 94-34,0507-0261-2666,09:00-18:00,09:00-18:00,1월 1일 설날 당일 추석 당일
P1086,바람의 언덕,D007,경상남도 거제시 남부면 해금강1길 17-1,-,00:00-23:59,00:00-23:59,-
P1087,등명해변,D007,강원도 강릉시 강동면 율곡로 1441,-,00:00-23:59,00:00-23:59,-
P1088,월명공원,D007,전라북도 군산시 솔꼬지3길 46 인근 공영주차장,0507-0261-2771,00:00-23:59,00:00-23:59,-
P1089,은파호수공원,D007,전라북도 군산시 은파순환길 9 ,0507-0261-2913,00:00-23:59,00:00-23:59,-
P1090,완산공원,D007,전라북도 전주시 완산구 곤지산4길 12,063-220-5176,00:00-23:59,00:00-23:59,-
P1091,장호용화관광랜드,D007,강원도 삼척시 근덕면 삼척로 2154,0507-0261-2583,00:00-23:59,00:00-23:59,-
P1092,오수의견공원,D007,전라북도 임실군 오수면 충효로 2096-16,0507-0261-2299,00:00-23:59,00:00-23:59,-
P1093,내장산조각공원,D007,전라북도 정읍시 내장호반로 194-28,0507-0261-2309,09:00-18:00,09:00-18:00,-
P1094,두류공원,D007,대구광역시 달서구 공원순환로 36,0507-0261-2908,00:00-23:59,00:00-23:59,-
P1095,수성못,D007,대구광역시 수성구 무학로 42,0507-0261-2602,00:00-23:59,00:00-23:59,-
P1096,죽녹원,D007,전라남도 담양군 담양읍 죽녹원로 119,0507-0261-2923,09:00-18:00,09:00-18:00,-
P1097,해파랑공원,D007,경상북도 영덕군 강구면 영덕대게로 82-1,-,00:00-23:59,00:00-23:59,-
P1098,사방기념공원,D007,경상북도 포항시 북구 흥해읍 해안로 1801,0507-0261-2737,09:30-17:30,09:30-17:30,-
P1099,섬진강 대나무숲,D007,전라남도 구례군 구례읍 강촌길 15-8,-,00:00-23:59,00:00-23:59,-
P1100,풍암호수공원,D007,광주광역시 서구 풍금로38번길 61,-,00:00-23:59,00:00-23:59,-
P1101,동정호,D007,경상남도 하동군 악양면 평사리길 35 305-2,-,00:00-23:59,00:00-23:59,-
P1102,순천조례호수공원,D007,전라남도 순천시 왕지2길 17,-,00:00-23:59,00:00-23:59,-
P1103,태화강국가정원,D007,울산광역시 중구 태화강국가정원길 154,0507-0261-2578,00:00-23:59,00:00-23:59,-
P1104,송정박상진호수공원,D007,울산광역시 북구 화동로 178,0507-0261-2588,00:00-23:59,00:00-23:59,-
P1105,와온해변,D007,전라남도 순천시 해룡면 와온길 133,0507-0261-2680,00:00-23:59,00:00-23:59,-
P1106,망운산 철쭉군락지,D007,경상남도 남해군 서면 남서대로 2408번길 79-70,1588-3415,00:00-23:59,00:00-23:59,-
P1107,화명생태공원,D007,부산광역시 북구 학사로 135,051-364-4127,06:00-21:00,06:00-21:00,-
P1108,대저생태공원,D007,부산광역시 강서구 공항로 1246,0507-0261-3226,06:00-21:00,06:00-21:00,-
P1109,좌광천,D007,부산광역시 기장군 정관읍 달산리,-,00:00-23:59,00:00-23:59,-
P1110,삼락생태공원,D007,부산광역시 사상구 낙동대로 1216,0507-0261-3208,00:00-23:59,00:00-23:59,-
P1111,신호공원,D007,부산광역시 강서구 신호산단4로 10,-,00:00-23:59,00:00-23:59,-
P1112,신평소공원,D007,부산광역시 기장군 일광면 일광로 582-23,051-709-4531,00:00-23:59,00:00-23:59,-
P1113,용소웰빙공원,D007,부산광역시 기장군 기장읍 반송로 1330-59,0507-0261-1982,00:00-23:59,00:00-23:59,-
P1114,부산시민공원,D007,부산광역시 부산진구 시민공원로 73,0507-0261-3218,05:00-23:59,05:00-23:59,-
P1115,돌산공원,D007,전라남도 여수시 돌산읍 상하동길 238-17,-,00:00-23:59,00:00-23:59,-
P1116,서피랑공원,D007,경상남도 통영시 중앙로 143,-,00:00-23:59,00:00-23:59,-
P1117,용두산공원,D007,부산광역시 중구 용두산길 37-55,0507-0261-3207,10:00-23:00,10:00-23:00,-
P1118,이순신공원,D007,경상남도 통영시 멘데해안길 205,0507-0261-2728,00:00-23:59,00:00-23:59,-
P1119,죽도공원,D007,부산광역시 해운대구 송정해변로 11-13,0507-0261-3213,00:00-23:59,00:00-23:59,-
P1120,이기대수변공원,D007,부산광역시 남구 이기대공원로 11,0507-0261-2931,00:00-23:59,00:00-23:59,-
P1121,독봉산웰빙공원,D007,경상남도 거제시 고현천로 181,-,00:00-23:59,00:00-23:59,-
P1122,향일암,D007,전라남도 여수시 돌산읍 향일암로 60,0507-0261-2608,00:00-23:59,00:00-23:59,-
P1123,가우도,D007,전라남도 강진군 도암면 가우도길 33,0507-0261-2315,00:00-23:59,00:00-23:59,-
P1124,돌하르방공원,D007,제주특별자치도 제주시 조천읍 북촌서1길 70,0507-0261-2341,09:00-18:00,09:00-18:00,설날 당일 추석 당일
P1125,세화해수욕장,D007,제주특별자치도 제주시 구좌읍 해맞이해안로 1465,0507-0261-2358,00:00-23:59,00:00-23:59,-
P1126,어영공원,D007,제주특별자치도 제주시 서해안로 452,-,00:00-23:59,00:00-23:59,-
P1127,용담공원,D007,제주특별자치도 제주시 용두암길 15,-,00:00-23:59,00:00-23:59,-
P1128,도두봉공원,D007,제주특별자치도 제주시 도두항길4-17,-,00:00-23:59,00:00-23:59,-
P1129,오조포구,D007,제주특별자치도 서귀포시 성산읍 한도로 149,-,00:00-23:59,00:00-23:59,-
P1130,한담해안산책로,D007,제주특별자치도 제주시 애월읍 애월로 37,0507-0261-2371,00:00-23:59,00:00-23:59,-
P1131,애월 한담공원,D007,제주특별자치도 제주시 애월읍 애월로 11,-,00:00-23:59,00:00-23:59,-
P1132,녹산로유채꽃도로,D007,제주특별자치도 서귀포시 표선면 녹산로 554,-,00:00-23:59,00:00-23:59,-
P1133,한림공원,D007,제주특별자치도 제주시 한림읍 한림로300,0507-0261-2346,08:30-19:00,08:30-19:00,-
P1134,금오름,D007,제주특별자치도 제주시 한림읍 금악남2길1,0507-0261-2349,00:00-23:59,00:00-23:59,-
P1135,생각하는 정원,D007,제주특별자치도 제주시 한경면 녹차분재로 675,0507-0261-2353,08:30-17:00,08:30-17:00,-
P1136,카멜리아힐,D007,제주특별자치도 서귀포시 안덕면 병악로 166,0507-0261-2289,08:30-17:30,08:30-17:30,-
P1137,쇠소깍,D007,제주특별자치도 서귀포시 쇠소깍로 128,-,00:00-23:59,00:00-23:59,-
P1138,노리매공원,D007,제주특별자치도 서귀포시 대정읍 구억리 654-1 노리매,064-792-8211~4,09:00-18:00,09:00-18:00,-
P1139,정모시쉼터,D007,제주특별자치도 서귀포시 부두로5번길 9,-,00:00-23:59,00:00-23:59,-
